risk_method,lookback_days,stock_cap,gross,halflife_days,vol_power,top_k,gross_mode,vol_target,gross_min,trend_days,trend_floor,event_mode,event_cut,event_min_move,event_trim_round,event_restore_round,news_veto,use_alpha,tilt,lam,band,min_trade,val_sel,val_worst,train_sel,train_worst,holdout_sel,passes,adoptable,combined
invvol,40,0.06,0.5,0.0,1.0,0,fixed,0.1,0.2,20,0.5,off,1.0,0.0,7,1,True,False,0.0,0.25,0.05,0.002,0.19426638176638175,0.37962962962962965,0.1968705484330484,0.4351851851851852,0.1762375356125356,False,False,0.1955684650997151
invvol,40,0.06,0.5,0.0,1.0,0,fixed,0.1,0.2,20,0.5,off,1.0,0.0,7,1,True,False,0.0,0.25,0.1,0.002,0.19426638176638175,0.37962962962962965,0.1968705484330484,0.4351851851851852,0.1762375356125356,False,False,0.1955684650997151
invvol,40,0.06,0.5,0.0,1.0,0,fixed,0.1,0.2,20,0.5,off,1.0,0.0,7,1,True,False,0.0,0.25,0.2,0.002,0.19426638176638175,0.37962962962962965,0.1968705484330484,0.4351851851851852,0.1762375356125356,False,False,0.1955684650997151
invvol,40,0.06,0.5,0.0,1.0,0,fixed,0.1,0.2,20,0.5,off,1.0,0.0,7,1,True,False,0.0,0.5,0.05,0.002,0.19426638176638175,0.37962962962962965,0.1968705484330484,0.4351851851851852,0.1762375356125356,False,False,0.1955684650997151
invvol,40,0.06,0.5,0.0,1.0,0,fixed,0.1,0.2,20,0.5,off,1.0,0.0,7,1,True,False,0.0,0.5,0.1,0.002,0.19426638176638175,0.37962962962962965,0.1968705484330484,0.4351851851851852,0.1762375356125356,False,False,0.1955684650997151
invvol,40,0.06,0.5,0.0,1.0,0,fixed,0.1,0.2,20,0.5,off,1.0,0.0,7,1,True,False,0.0,0.5,0.2,0.002,0.19426638176638175,0.37962962962962965,0.1968705484330484,0.4351851851851852,0.1762375356125356,False,False,0.1955684650997151
invvol,40,0.08,0.5,0.0,1.0,0,fixed,0.1,0.2,20,0.5,off,1.0,0.0,7,1,True,False,0.0,0.25,0.05,0.002,0.19426638176638175,0.37962962962962965,0.19947471509971507,0.4351851851851852,0.1762375356125356,False,False,0.1968705484330484
invvol,40,0.08,0.5,0.0,1.0,0,fixed,0.1,0.2,20,0.5,off,1.0,0.0,7,1,True,False,0.0,0.25,0.1,0.002,0.19426638176638175,0.37962962962962965,0.19947471509971507,0.4351851851851852,0.1762375356125356,False,False,0.1968705484330484
invvol,40,0.08,0.5,0.0,1.0,0,fixed,0.1,0.2,20,0.5,off,1.0,0.0,7,1,True,False,0.0,0.25,0.2,0.002,0.19426638176638175,0.37962962962962965,0.19947471509971507,0.4351851851851852,0.1762375356125356,False,False,0.1968705484330484
invvol,40,0.08,0.5,0.0,1.0,0,fixed,0.1,0.2,20,0.5,off,1.0,0.0,7,1,True,False,0.0,0.5,0.1,0.002,0.19426638176638175,0.37962962962962965,0.19947471509971507,0.4351851851851852,0.1762375356125356,False,False,0.1968705484330484
invvol,40,0.08,0.5,0.0,1.0,0,fixed,0.1,0.2,20,0.5,off,1.0,0.0,7,1,True,False,0.0,0.5,0.2,0.002,0.19426638176638175,0.37962962962962965,0.19947471509971507,0.4351851851851852,0.1762375356125356,False,False,0.1968705484330484
invvol,40,0.1,0.5,0.0,1.0,0,fixed,0.1,0.2,20,0.5,off,1.0,0.0,7,1,True,False,0.0,0.25,0.1,0.002,0.19426638176638175,0.37962962962962965,0.19947471509971507,0.4351851851851852,0.1762375356125356,False,False,0.1968705484330484
invvol,40,0.1,0.5,0.0,1.0,0,fixed,0.1,0.2,20,0.5,off,1.0,0.0,7,1,True,False,0.0,0.25,0.2,0.002,0.19426638176638175,0.37962962962962965,0.19947471509971507,0.4351851851851852,0.1762375356125356,False,False,0.1968705484330484
invvol,40,0.1,0.5,0.0,1.0,0,fixed,0.1,0.2,20,0.5,off,1.0,0.0,7,1,True,False,0.0,0.5,0.1,0.002,0.19426638176638175,0.37962962962962965,0.19947471509971507,0.4351851851851852,0.1762375356125356,False,False,0.1968705484330484
invvol,40,0.1,0.5,0.0,1.0,0,fixed,0.1,0.2,20,0.5,off,1.0,0.0,7,1,True,False,0.0,0.5,0.2,0.002,0.19426638176638175,0.37962962962962965,0.19947471509971507,0.4351851851851852,0.1762375356125356,False,False,0.1968705484330484
invvol,40,0.15,0.5,0.0,1.0,0,fixed,0.1,0.2,20,0.5,off,1.0,0.0,7,1,True,False,0.0,0.25,0.05,0.002,0.19426638176638175,0.37962962962962965,0.19947471509971507,0.4351851851851852,0.1762375356125356,False,False,0.1968705484330484
invvol,40,0.15,0.5,0.0,1.0,0,fixed,0.1,0.2,20,0.5,off,1.0,0.0,7,1,True,False,0.0,0.25,0.1,0.002,0.19426638176638175,0.37962962962962965,0.19947471509971507,0.4351851851851852,0.1762375356125356,False,False,0.1968705484330484
invvol,40,0.15,0.5,0.0,1.0,0,fixed,0.1,0.2,20,0.5,off,1.0,0.0,7,1,True,False,0.0,0.25,0.2,0.002,0.19426638176638175,0.37962962962962965,0.19947471509971507,0.4351851851851852,0.1762375356125356,False,False,0.1968705484330484
invvol,40,0.15,0.5,0.0,1.0,0,fixed,0.1,0.2,20,0.5,off,1.0,0.0,7,1,True,False,0.0,0.5,0.1,0.002,0.19426638176638175,0.37962962962962965,0.19947471509971507,0.4351851851851852,0.1762375356125356,False,False,0.1968705484330484
invvol,40,0.15,0.5,0.0,1.0,0,fixed,0.1,0.2,20,0.5,off,1.0,0.0,7,1,True,False,0.0,0.5,0.2,0.002,0.19426638176638175,0.37962962962962965,0.19947471509971507,0.4351851851851852,0.1762375356125356,False,False,0.1968705484330484
invvol,40,0.06,0.5,0.0,2.0,0,fixed,0.1,0.2,20,0.5,off,1.0,0.0,7,1,True,False,0.0,0.25,0.05,0.002,0.19426638176638175,0.39814814814814814,0.19947471509971507,0.48148148148148145,0.18607549857549857,False,False,0.1968705484330484
invvol,40,0.06,0.5,0.0,2.0,0,fixed,0.1,0.2,20,0.5,off,1.0,0.0,7,1,True,False,0.0,0.25,0.1,0.002,0.19426638176638175,0.39814814814814814,0.19947471509971507,0.48148148148148145,0.19022287511870842,False,False,0.1968705484330484
invvol,40,0.06,0.5,0.0,2.0,0,fixed,0.1,0.2,20,0.5,off,1.0,0.0,7,1,True,False,0.0,0.25,0.2,0.002,0.19426638176638175,0.39814814814814814,0.19947471509971507,0.48148148148148145,0.19022287511870842,False,False,0.1968705484330484
invvol,40,0.06,0.5,0.0,2.0,0,fixed,0.1,0.2,20,0.5,off,1.0,0.0,7,1,True,False,0.0,0.5,0.1,0.002,0.19426638176638175,0.39814814814814814,0.19947471509971507,0.48148148148148145,0.19022287511870842,False,False,0.1968705484330484
invvol,40,0.06,0.5,0.0,2.0,0,fixed,0.1,0.2,20,0.5,off,1.0,0.0,7,1,True,False,0.0,0.5,0.2,0.002,0.19426638176638175,0.39814814814814814,0.19947471509971507,0.48148148148148145,0.19022287511870842,False,False,0.1968705484330484
invvol,40,0.1,0.5,0.0,1.0,0,fixed,0.1,0.2,20,0.5,off,1.0,0.0,7,1,True,False,0.0,0.25,0.05,0.002,0.19426638176638175,0.37962962962962965,0.19947471509971507,0.4351851851851852,0.1762375356125356,False,False,0.1968705484330484
invvol,40,0.06,0.5,0.0,0.5,0,fixed,0.1,0.2,20,0.5,off,1.0,0.0,7,1,True,False,0.0,0.25,0.05,0.002,0.1963882953466287,0.3611111111111111,0.19947471509971507,0.37962962962962965,0.18785612535612536,False,False,0.19793150522317188
invvol,40,0.06,0.5,0.0,0.5,0,fixed,0.1,0.2,20,0.5,off,1.0,0.0,7,1,True,False,0.0,0.25,0.1,0.002,0.1963882953466287,0.3611111111111111,0.19947471509971507,0.37962962962962965,0.18785612535612536,False,False,0.19793150522317188
invvol,40,0.06,0.5,0.0,0.5,0,fixed,0.1,0.2,20,0.5,off,1.0,0.0,7,1,True,False,0.0,0.25,0.2,0.002,0.1963882953466287,0.3611111111111111,0.19947471509971507,0.37962962962962965,0.18785612535612536,False,False,0.19793150522317188
invvol,40,0.06,0.5,0.0,0.5,0,fixed,0.1,0.2,20,0.5,off,1.0,0.0,7,1,True,False,0.0,0.5,0.05,0.002,0.1963882953466287,0.3611111111111111,0.19947471509971507,0.37962962962962965,0.18785612535612536,False,False,0.19793150522317188
invvol,40,0.06,0.5,0.0,0.5,0,fixed,0.1,0.2,20,0.5,off,1.0,0.0,7,1,True,False,0.0,0.5,0.1,0.002,0.1963882953466287,0.3611111111111111,0.19947471509971507,0.37962962962962965,0.18785612535612536,False,False,0.19793150522317188
invvol,40,0.06,0.5,0.0,0.5,0,fixed,0.1,0.2,20,0.5,off,1.0,0.0,7,1,True,False,0.0,0.5,0.2,0.002,0.1963882953466287,0.3611111111111111,0.19947471509971507,0.37962962962962965,0.18785612535612536,False,False,0.19793150522317188
invvol,40,0.08,0.5,0.0,0.5,0,fixed,0.1,0.2,20,0.5,off,1.0,0.0,7,1,True,False,0.0,0.25,0.05,0.002,0.1963882953466287,0.3611111111111111,0.19947471509971507,0.37962962962962965,0.18785612535612536,False,False,0.19793150522317188
invvol,40,0.06,0.5,0.0,1.5,0,fixed,0.1,0.2,20,0.5,off,1.0,0.0,7,1,True,False,0.0,0.25,0.05,0.002,0.19426638176638175,0.37962962962962965,0.2025611348528015,0.4722222222222222,0.1762375356125356,False,False,0.19841375830959163
invvol,40,0.06,0.5,0.0,1.5,0,fixed,0.1,0.2,20,0.5,off,1.0,0.0,7,1,True,False,0.0,0.25,0.1,0.002,0.19426638176638175,0.37962962962962965,0.2025611348528015,0.4722222222222222,0.18038491215574548,False,False,0.19841375830959163
invvol,40,0.06,0.5,0.0,1.5,0,fixed,0.1,0.2,20,0.5,off,1.0,0.0,7,1,True,False,0.0,0.25,0.2,0.002,0.19426638176638175,0.37962962962962965,0.2025611348528015,0.4722222222222222,0.18038491215574548,False,False,0.19841375830959163
invvol,40,0.06,0.5,0.0,1.5,0,fixed,0.1,0.2,20,0.5,off,1.0,0.0,7,1,True,False,0.0,0.5,0.1,0.002,0.19426638176638175,0.37962962962962965,0.2025611348528015,0.4722222222222222,0.18038491215574548,False,False,0.19841375830959163
invvol,40,0.06,0.5,0.0,1.5,0,fixed,0.1,0.2,20,0.5,off,1.0,0.0,7,1,True,False,0.0,0.5,0.2,0.002,0.19426638176638175,0.37962962962962965,0.2025611348528015,0.4722222222222222,0.18038491215574548,False,False,0.19841375830959163
invvol,40,0.08,0.5,0.0,2.0,0,fixed,0.1,0.2,20,0.5,off,1.0,0.0,7,1,True,False,0.0,0.25,0.1,0.002,0.19426638176638175,0.4074074074074074,0.2025611348528015,0.48148148148148145,0.18038491215574548,False,False,0.19841375830959163
invvol,40,0.06,0.5,0.0,3.0,0,fixed,0.1,0.2,20,0.5,off,1.0,0.0,7,1,True,False,0.0,0.25,0.2,0.002,0.19426638176638175,0.4166666666666667,0.2025611348528015,0.49074074074074076,0.20541013770180436,False,False,0.19841375830959163
invvol,40,0.06,0.5,0.0,3.0,0,fixed,0.1,0.2,20,0.5,off,1.0,0.0,7,1,True,False,0.0,0.5,0.2,0.002,0.19426638176638175,0.4166666666666667,0.2025611348528015,0.49074074074074076,0.20541013770180436,False,False,0.19841375830959163
invvol,20,0.06,0.7,0.0,1.5,0,fixed,0.1,0.2,20,0.5,off,1.0,0.0,7,1,True,False,0.0,0.5,0.05,0.002,0.19306445868945868,0.4444444444444444,0.20776946818613484,0.484375,0.1799026590693257,False,False,0.20041696343779675
invvol,40,0.06,0.7,0.0,2.0,0,fixed,0.1,0.2,20,0.5,off,1.0,0.0,7,1,True,False,0.0,0.25,0.2,0.002,0.19046029202279202,0.4351851851851852,0.21297780151946819,0.5,0.20266500474833807,False,False,0.20171904677113012
invvol,40,0.06,0.7,0.0,2.0,0,fixed,0.1,0.2,20,0.5,off,1.0,0.0,7,1,True,False,0.0,0.5,0.2,0.002,0.19046029202279202,0.4351851851851852,0.21297780151946819,0.5,0.20266500474833807,False,False,0.20171904677113012
invvol,40,0.06,0.85,0.0,1.5,0,fixed,0.1,0.2,20,0.5,off,1.0,0.0,7,1,True,False,0.0,0.25,0.1,0.002,0.19140254036087367,0.4351851851851852,0.2145210113960114,0.5,0.1961508784425451,False,False,0.20296177587844255
invvol,40,0.06,0.85,0.0,1.5,0,fixed,0.1,0.2,20,0.5,off,1.0,0.0,7,1,True,False,0.0,0.25,0.05,0.002,0.19294575023741692,0.4351851851851852,0.21297780151946819,0.5,0.19140254036087367,False,False,0.20296177587844255
invvol,40,0.06,0.85,0.0,1.5,0,fixed,0.1,0.2,20,0.5,off,1.0,0.0,7,1,True,False,0.0,0.25,0.2,0.002,0.18985933048433049,0.4351851851851852,0.2161829297245964,0.5,0.1961508784425451,False,False,0.20302113010446343
invvol,40,0.06,0.85,0.0,1.5,0,fixed,0.1,0.2,20,0.5,off,1.0,0.0,7,1,True,False,0.0,0.5,0.2,0.002,0.18985933048433049,0.4351851851851852,0.2161829297245964,0.5,0.1961508784425451,False,False,0.20302113010446343
invvol,40,0.06,0.7,0.0,1.5,0,fixed,0.1,0.2,20,0.5,off,1.0,0.0,7,1,True,False,0.0,0.25,0.1,0.002,0.19306445868945868,0.39814814814814814,0.21297780151946819,0.484375,0.19437025166191832,False,False,0.20302113010446343
invvol,40,0.06,0.7,0.0,1.5,0,fixed,0.1,0.2,20,0.5,off,1.0,0.0,7,1,True,False,0.0,0.5,0.1,0.002,0.19306445868945868,0.39814814814814814,0.21297780151946819,0.484375,0.19022287511870842,False,False,0.20302113010446343
invvol,40,0.06,0.85,0.0,2.0,0,fixed,0.1,0.2,20,0.5,off,1.0,0.0,7,1,True,False,0.0,0.25,0.2,0.002,0.19306445868945868,0.4537037037037037,0.2193880579297246,0.5185185185185185,0.20386692782526117,False,False,0.20622625830959163
invvol,40,0.06,0.85,0.0,2.0,0,fixed,0.1,0.2,20,0.5,off,1.0,0.0,7,1,True,False,0.0,0.5,0.2,0.002,0.19306445868945868,0.4537037037037037,0.2193880579297246,0.5185185185185185,0.20386692782526117,False,False,0.20622625830959163
invvol,40,0.06,0.7,0.0,3.0,0,fixed,0.1,0.2,20,0.5,off,1.0,0.0,7,1,True,False,0.0,0.25,0.2,0.002,0.19306445868945868,0.5,0.222474477682811,0.5185185185185185,0.21524810066476732,False,False,0.20776946818613484
invvol,40,0.06,0.7,0.0,3.0,0,fixed,0.1,0.2,20,0.5,off,1.0,0.0,7,1,True,False,0.0,0.5,0.1,0.002,0.19306445868945868,0.5,0.222474477682811,0.515625,0.20729463437796772,False,False,0.20776946818613484
invvol,40,0.06,0.7,0.0,3.0,0,fixed,0.1,0.2,20,0.5,off,1.0,0.0,7,1,True,False,0.0,0.5,0.2,0.002,0.19306445868945868,0.5,0.222474477682811,0.5185185185185185,0.21524810066476732,False,False,0.20776946818613484
invvol,40,0.06,0.85,0.0,3.0,0,fixed,0.1,0.2,20,0.5,off,1.0,0.0,7,1,True,False,0.0,0.5,0.2,0.002,0.19306445868945868,0.5277777777777778,0.222474477682811,0.6481481481481481,0.2137048907882241,False,False,0.20776946818613484
