risk_method,lookback_days,gross,lam,band,cumulative_return_median,cumulative_return_worst,sharpe_ratio_median,sharpe_ratio_worst,maximum_drawdown_median,maximum_drawdown_worst,turnover_median,turnover_worst,rank_score_median,rank_score_worst,rank_mean,rank_active_median,rank_active_mean,rank_active_worst,pct_full,pct_active,selection,worst_pct
invvol,40,0.5,0.25,0.05,0.0040709538450391936,-0.05502502457672842,1.4791352373902917,-10.971740829342236,0.014643080114550292,0.05822125932411418,0.004759523477118203,0.004996378597996421,6.5,11.5,6.647368421052631,3.5,3.719736842105263,6.5,0.2391304347826087,0.20833333333333334,0.223731884057971,0.4583333333333333
invvol,40,0.5,0.5,0.05,0.003979991450102083,-0.05503360230616927,1.417711758370515,-10.957287091478682,0.014643080114550292,0.05822125932411418,0.004841677176562798,0.005251191729976297,6.5,11.75,6.635526315789473,3.5,3.710526315789474,6.5,0.2391304347826087,0.20833333333333334,0.223731884057971,0.4673913043478261
invvol,30,0.5,0.25,0.05,0.00356910237735808,-0.054831146321920765,1.3000237013575082,-11.006359835655207,0.014767512067087783,0.05786685348770249,0.0047804848936577275,0.005019794900013265,6.5,11.75,6.660526315789474,3.75,3.7302631578947367,6.5,0.2391304347826087,0.22916666666666666,0.2341485507246377,0.4673913043478261
invvol,40,0.85,0.1,0.05,0.006920078204205926,-0.09350984485249747,1.545964294811708,-10.998824063455668,0.024800209048433497,0.09910080845027457,0.008088361465477058,0.008387118704706844,6.375,11.5,6.963157894736842,4.0,4.021052631578947,6.5,0.23369565217391305,0.25,0.24184782608695654,0.4583333333333333
invvol,40,0.85,0.1,0.1,0.006997802555979926,-0.09350984485249747,1.5500637378979114,-11.00089808511189,0.024800209048433497,0.09836498403989742,0.008088361465477055,0.00836798164994231,6.375,11.5,6.963157894736842,4.0,4.021052631578947,6.5,0.23369565217391305,0.25,0.24184782608695654,0.4583333333333333
invvol,40,0.85,0.25,0.05,0.0067335797332159775,-0.09343231739636104,1.4105281120902067,-11.05587096622874,0.02481172975228084,0.09977297900079132,0.008206893948148376,0.008702857529879014,6.5,11.5,6.961842105263158,4.0,4.003947368421053,6.5,0.2391304347826087,0.25,0.24456521739130435,0.4583333333333333
invvol,40,0.85,0.25,0.1,0.007007459544609129,-0.09350984485249747,1.5106584866780248,-11.00089808511189,0.024800209048433497,0.09836498403989742,0.008088361560553455,0.008667930000310246,6.5,11.5,6.956578947368421,4.0,4.014473684210526,6.5,0.2391304347826087,0.25,0.24456521739130435,0.4583333333333333
invvol,40,0.85,0.5,0.05,0.00665461514632415,-0.09314821000657525,1.3593533628614112,-11.132483156416503,0.024642017265055827,0.09994870727191814,0.008484817479414163,0.009275791904402792,6.625,11.75,6.988157894736842,4.0,4.019736842105263,6.5,0.24456521739130435,0.25,0.24728260869565216,0.4673913043478261
invvol,40,0.7,0.5,0.05,0.005606757159019926,-0.07692340341741821,1.438254750123353,-11.07951628301654,0.02037245174649409,0.08192080334077184,0.006903047457396441,0.007527580675302159,6.625,12.25,6.968421052631579,4.0,4.044736842105263,7.0,0.24456521739130435,0.25,0.24728260869565216,0.5
invvol,40,0.7,0.25,0.05,0.005581040624011213,-0.07703672314053378,1.436357780894748,-11.043172750304459,0.020467167926450695,0.08158546505646791,0.006723126958531101,0.007082752782250983,6.75,11.25,6.972368421052631,4.0,4.0552631578947365,6.5,0.25,0.25,0.25,0.4583333333333333
