symbol,mean_abs_gap,events
AAPL,0.02733332918184862,20
AMZN,0.057374148102357206,20
BA,0.022418083980487998,20
BAC,0.01672384959912795,20
CAT,0.03471183333803324,20
CRM,0.06387406909141921,20
CVX,0.01628432045289131,20
DIS,0.05156181436560427,20
GE,0.032774602820644566,20
GOOGL,0.05157520559522324,20
GS,0.018552013569340907,20
INTC,0.06402937014742342,20
JNJ,0.014643955920115317,20
JPM,0.01756111727984131,20
KO,0.016012271750596378,20
LLY,0.0440900076547088,20
META,0.09627243583152151,20
MSFT,0.03789324920819528,20
NEE,0.016353267832034415,20
NKE,0.07502742787715046,20
NVDA,0.050785176822698466,20
PFE,0.013784731604718558,20
PYPL,0.06749063004213628,20
T,0.03194375312214108,20
TMO,0.026658777921000937,20
TSLA,0.05982049366464676,20
UNH,0.035280511943900444,20
V,0.02106411897907473,20
WMT,0.035960203166040414,20
XOM,0.010920319129456634,20
