symbol,announced_at,eps_estimate,eps_reported
AAPL,2014-07-22T16:00:00,0.31,0.32
AAPL,2014-10-20T16:00:00,0.33,0.36
AAPL,2015-01-27T16:00:00,0.65,0.77
AAPL,2015-04-27T16:00:00,0.54,0.58
AAPL,2015-07-21T16:00:00,0.45,0.46
AAPL,2015-10-27T16:00:00,0.47,0.49
AAPL,2016-01-26T16:00:00,0.81,0.82
AAPL,2016-04-26T16:00:00,0.5,0.48
AAPL,2016-07-26T16:00:00,0.35,0.36
AAPL,2016-10-25T16:00:00,0.41,0.42
AAPL,2017-01-31T16:00:00,0.81,0.84
AAPL,2017-05-02T16:00:00,0.51,0.53
AAPL,2017-08-01T16:00:00,0.39,0.42
AAPL,2017-11-02T16:00:00,0.47,0.52
AAPL,2018-02-01T16:00:00,0.96,0.97
AAPL,2018-05-01T16:00:00,0.67,0.68
AAPL,2018-07-31T16:00:00,0.54,0.59
AAPL,2018-11-01T16:00:00,0.7,0.73
AAPL,2019-01-29T16:00:00,1.04,1.05
AAPL,2019-04-30T16:00:00,0.59,0.62
AAPL,2019-07-30T16:00:00,0.53,0.55
AAPL,2019-10-30T16:00:00,0.71,0.76
AAPL,2020-01-28T16:00:00,1.13,1.25
AAPL,2020-04-30T17:00:00,0.56,0.64
AAPL,2020-07-30T16:00:00,0.52,0.65
AAPL,2020-10-29T16:00:00,0.7,0.73
AAPL,2021-01-27T16:00:00,1.42,1.68
AAPL,2021-04-28T16:00:00,0.98,1.4
AAPL,2021-07-27T16:00:00,1.01,1.3
AAPL,2021-10-28T16:00:00,1.24,1.24
AAPL,2022-01-27T16:00:00,1.89,2.1
AAPL,2022-04-28T16:00:00,1.43,1.52
AAPL,2022-07-28T16:00:00,1.15,1.2
AAPL,2022-10-27T16:00:00,1.27,1.29
AAPL,2023-02-02T16:00:00,1.95,1.88
AAPL,2023-05-04T16:00:00,1.43,1.52
AAPL,2023-08-03T16:00:00,1.19,1.26
AAPL,2023-11-02T16:00:00,1.39,1.46
AAPL,2024-02-01T16:00:00,2.1,2.18
AAPL,2024-05-02T16:00:00,1.51,1.53
AAPL,2024-08-01T16:00:00,1.34,1.4
AAPL,2024-10-31T16:00:00,0.95,0.97
AAPL,2025-01-30T16:00:00,2.35,2.4
AAPL,2025-05-01T16:00:00,1.62,1.65
AAPL,2025-07-31T16:00:00,1.43,1.57
AAPL,2025-10-30T16:00:00,1.77,1.85
AAPL,2026-01-29T16:00:00,2.67,2.84
AAPL,2026-04-30T16:00:00,1.94,2.01
AAPL,2026-07-30T16:00:00,1.89,2.02
AAPL,2026-10-29T16:00:00,1.98,
AMZN,2014-07-24T16:00:00,-0.01,-0.01
AMZN,2014-10-23T16:00:00,-0.04,-0.05
AMZN,2015-01-29T16:00:00,0.01,0.02
AMZN,2015-04-23T16:00:00,-0.01,-0.01
AMZN,2015-07-23T16:00:00,-0.01,0.01
AMZN,2015-10-22T16:00:00,-0.01,0.01
AMZN,2016-01-28T16:00:00,0.08,0.05
AMZN,2016-04-28T16:00:00,0.03,0.05
AMZN,2016-07-28T16:00:00,0.05,0.09
AMZN,2016-10-27T16:00:00,0.04,0.03
AMZN,2017-02-02T16:00:00,0.07,0.08
AMZN,2017-04-27T16:00:00,0.06,0.07
AMZN,2017-07-27T16:00:00,0.07,0.02
AMZN,2017-10-26T16:00:00,,0.03
AMZN,2018-02-01T16:00:00,0.09,0.11
AMZN,2018-04-26T16:00:00,0.06,0.16
AMZN,2018-07-26T16:00:00,0.13,0.25
AMZN,2018-10-25T16:00:00,0.15,0.29
AMZN,2019-01-31T16:00:00,0.28,0.3
AMZN,2019-04-25T16:00:00,0.23,0.35
AMZN,2019-07-25T16:00:00,0.28,0.26
AMZN,2019-10-24T16:00:00,0.22,0.21
AMZN,2020-01-30T16:00:00,0.2,0.32
AMZN,2020-04-30T17:00:00,0.31,0.25
AMZN,2020-07-30T16:00:00,0.08,0.52
AMZN,2020-10-29T16:00:00,0.38,0.62
AMZN,2021-02-02T16:00:00,0.35,0.7
AMZN,2021-04-29T16:00:00,0.47,0.79
AMZN,2021-07-29T16:00:00,0.61,0.76
AMZN,2021-10-28T16:00:00,0.44,0.31
AMZN,2022-02-03T16:00:00,0.18,1.39
AMZN,2022-04-28T16:00:00,0.42,-0.38
AMZN,2022-07-28T16:00:00,0.12,-0.2
AMZN,2022-10-27T16:00:00,0.21,0.28
AMZN,2023-02-02T16:00:00,0.17,0.03
AMZN,2023-04-27T16:00:00,0.21,0.31
AMZN,2023-08-03T16:00:00,0.34,0.65
AMZN,2023-10-26T16:00:00,0.58,0.94
AMZN,2024-02-01T16:00:00,0.8,1.0
AMZN,2024-04-30T16:00:00,0.83,0.98
AMZN,2024-08-01T12:00:00,1.02,1.26
AMZN,2024-10-31T16:00:00,1.14,1.43
AMZN,2025-02-06T16:00:00,1.48,1.86
AMZN,2025-05-01T16:00:00,1.36,1.59
AMZN,2025-07-31T16:00:00,1.32,1.68
AMZN,2025-10-30T16:00:00,1.56,1.95
AMZN,2026-02-05T16:00:00,1.95,1.95
AMZN,2026-04-29T16:00:00,1.65,2.78
AMZN,2026-07-30T16:00:00,1.83,5.75
AMZN,2026-10-29T16:00:00,1.95,
BA,2014-07-23T07:00:00,1.99,2.42
BA,2014-10-22T07:00:00,1.96,2.14
BA,2015-01-28T07:00:00,2.12,2.31
BA,2015-04-22T07:00:00,1.81,1.97
BA,2015-07-22T07:00:00,1.38,1.62
BA,2015-10-21T07:00:00,2.19,2.52
BA,2016-01-27T07:00:00,1.28,1.6
BA,2016-04-27T07:00:00,1.85,1.74
BA,2016-07-27T07:00:00,2.24,2.79
BA,2016-10-26T07:00:00,2.62,3.51
BA,2017-01-25T07:00:00,2.33,2.47
BA,2017-04-26T07:00:00,1.91,2.01
BA,2017-07-26T07:00:00,2.29,2.55
BA,2017-10-25T07:00:00,2.66,2.72
BA,2018-01-31T07:00:00,2.88,3.06
BA,2018-04-25T07:00:00,2.61,3.64
BA,2018-07-25T07:00:00,3.27,3.33
BA,2018-10-24T07:00:00,3.46,3.58
BA,2019-01-30T07:00:00,4.55,5.48
BA,2019-04-24T07:00:00,3.19,3.16
BA,2019-07-24T07:00:00,-6.66,-5.82
BA,2019-10-23T07:00:00,2.11,1.45
BA,2020-01-29T07:00:00,-1.18,-2.33
BA,2020-04-29T07:00:00,-1.49,-1.7
BA,2020-07-29T07:00:00,-2.53,-4.79
BA,2020-10-28T07:00:00,-2.21,-1.39
BA,2021-01-27T07:00:00,-1.65,-15.25
BA,2021-04-28T12:00:00,-1.09,-1.53
BA,2021-07-28T07:00:00,-0.73,0.4
BA,2021-10-27T07:00:00,-0.15,-0.6
BA,2022-01-26T07:00:00,-0.16,-7.69
BA,2022-04-27T07:00:00,-0.25,-2.75
BA,2022-07-27T07:00:00,-0.11,-0.37
BA,2022-10-26T07:00:00,0.09,-6.18
BA,2023-01-25T07:00:00,0.2,-1.75
BA,2023-04-26T07:00:00,-1.05,-1.27
BA,2023-07-26T07:00:00,-0.89,-0.82
BA,2023-10-25T07:00:00,-2.61,-3.26
BA,2024-01-31T07:00:00,-0.79,-0.47
BA,2024-04-24T07:00:00,-1.52,-1.13
BA,2024-07-31T07:00:00,-2.01,-2.9
BA,2024-10-23T07:00:00,-8.72,-10.44
BA,2025-01-28T07:00:00,-3.78,-5.9
BA,2025-04-23T07:00:00,-1.3,-0.49
BA,2025-07-29T07:00:00,-1.27,-1.24
BA,2025-10-29T07:00:00,-2.38,-7.47
BA,2026-01-27T07:00:00,-0.41,9.92
BA,2026-04-22T07:00:00,-0.67,-0.2
BA,2026-07-28T07:00:00,-0.31,-0.76
BA,2026-10-27T08:00:00,-0.16,
BAC,2014-07-16T07:00:00,0.12,0.19
BAC,2014-10-15T07:00:00,-0.09,-0.05
BAC,2015-01-15T07:00:00,0.31,0.25
BAC,2015-04-15T07:00:00,0.29,0.27
BAC,2015-07-15T07:00:00,0.35,0.45
BAC,2015-10-14T07:00:00,0.33,0.37
BAC,2016-01-19T06:00:00,0.27,0.28
BAC,2016-04-14T06:00:00,0.21,0.21
BAC,2016-07-18T06:00:00,0.33,0.36
BAC,2016-10-17T02:00:00,0.34,0.41
BAC,2017-01-13T06:00:00,0.38,0.4
BAC,2017-04-18T06:00:00,0.35,0.41
BAC,2017-07-18T06:00:00,0.44,0.46
BAC,2017-10-13T06:00:00,0.46,0.48
BAC,2018-01-17T06:00:00,0.14,0.2
BAC,2018-04-16T06:00:00,0.59,0.62
BAC,2018-07-16T06:00:00,0.58,0.63
BAC,2018-10-15T07:00:00,0.62,0.66
BAC,2019-01-16T06:00:00,0.63,0.7
BAC,2019-04-16T06:00:00,0.66,0.7
BAC,2019-07-17T06:00:00,0.71,0.74
BAC,2019-10-16T06:00:00,0.51,0.56
BAC,2020-01-15T06:00:00,0.69,0.74
BAC,2020-04-15T07:00:00,0.6,0.4
BAC,2020-07-16T06:00:00,0.29,0.37
BAC,2020-10-14T06:00:00,0.5,0.51
BAC,2021-01-19T06:00:00,0.54,0.59
BAC,2021-04-15T12:00:00,0.65,0.86
BAC,2021-07-14T06:00:00,0.76,1.03
BAC,2021-10-14T06:00:00,0.7,0.85
BAC,2022-01-19T06:00:00,0.76,0.82
BAC,2022-04-18T06:00:00,0.74,0.8
BAC,2022-07-18T06:00:00,0.75,0.73
BAC,2022-10-17T06:00:00,0.77,0.81
BAC,2023-01-13T06:00:00,0.77,0.85
BAC,2023-04-18T06:00:00,0.83,0.94
BAC,2023-07-18T06:00:00,0.83,0.88
BAC,2023-10-17T06:00:00,0.82,0.9
BAC,2024-01-12T06:00:00,0.64,0.35
BAC,2024-04-16T06:00:00,0.77,0.76
BAC,2024-07-16T06:00:00,0.8,0.83
BAC,2024-10-15T06:00:00,0.76,0.81
BAC,2025-01-16T06:00:00,0.77,0.82
BAC,2025-04-15T06:00:00,0.81,0.9
BAC,2025-07-16T06:00:00,0.86,0.89
BAC,2025-10-15T06:00:00,0.95,1.06
BAC,2026-01-14T06:00:00,0.96,0.98
BAC,2026-04-15T06:00:00,1.02,1.11
BAC,2026-07-14T06:00:00,1.12,1.21
BAC,2026-10-14T08:00:00,1.14,
CAT,2014-07-24T07:00:00,1.53,1.69
CAT,2014-10-23T07:00:00,1.35,1.72
CAT,2015-01-27T07:00:00,1.57,1.35
CAT,2015-04-23T07:00:00,1.36,1.86
CAT,2015-07-23T07:00:00,1.28,1.27
CAT,2015-10-22T07:00:00,0.79,0.75
CAT,2016-01-28T07:00:00,0.69,0.74
CAT,2016-04-22T07:00:00,0.68,0.67
CAT,2016-07-26T07:00:00,0.96,1.09
CAT,2016-10-25T07:00:00,0.76,0.85
CAT,2017-01-26T07:00:00,0.67,0.83
CAT,2017-04-25T07:00:00,0.63,1.28
CAT,2017-07-25T07:00:00,1.26,1.49
CAT,2017-10-24T07:00:00,1.28,1.95
CAT,2018-01-25T07:00:00,1.78,2.16
CAT,2018-04-24T07:00:00,2.12,2.82
CAT,2018-07-30T07:00:00,2.74,2.97
CAT,2018-10-23T07:00:00,2.85,2.86
CAT,2019-01-28T07:00:00,2.99,2.55
CAT,2019-04-24T07:00:00,2.86,2.94
CAT,2019-07-24T07:00:00,3.12,2.83
CAT,2019-10-23T06:00:00,2.89,2.66
CAT,2020-01-31T06:00:00,2.38,2.63
CAT,2020-04-28T07:00:00,1.67,1.6
CAT,2020-07-31T06:00:00,0.72,1.03
CAT,2020-10-27T06:00:00,1.18,1.34
CAT,2021-01-29T06:00:00,1.49,2.12
CAT,2021-04-29T06:00:00,1.94,2.87
CAT,2021-07-30T06:00:00,2.41,2.6
CAT,2021-10-28T06:00:00,2.2,2.66
CAT,2022-01-28T06:00:00,2.26,2.69
CAT,2022-04-28T06:00:00,2.6,2.88
CAT,2022-08-02T06:00:00,3.02,3.18
CAT,2022-10-27T06:00:00,3.17,3.95
CAT,2023-01-31T06:00:00,4.03,3.86
CAT,2023-04-27T06:00:00,3.79,4.91
CAT,2023-08-01T06:00:00,4.58,5.55
CAT,2023-10-31T06:00:00,4.79,5.52
CAT,2024-02-05T06:00:00,4.75,5.23
CAT,2024-04-25T06:00:00,5.13,5.6
CAT,2024-08-06T06:00:00,5.54,5.99
CAT,2024-10-30T06:00:00,5.35,5.17
CAT,2025-01-30T06:00:00,5.03,5.14
CAT,2025-04-30T06:00:00,4.34,4.25
CAT,2025-08-05T06:00:00,4.9,4.72
CAT,2025-10-29T06:00:00,4.52,4.95
CAT,2026-01-29T06:00:00,4.71,5.16
CAT,2026-04-30T06:00:00,4.64,5.54
CAT,2026-08-04T06:00:00,6.2,8.17
CAT,2026-10-29T08:00:00,6.92,
CRM,2014-08-21T16:00:00,0.12,0.13
CRM,2014-11-19T16:00:00,0.13,0.14
CRM,2015-02-25T16:00:00,0.14,0.14
CRM,2015-05-20T16:00:00,0.14,0.16
CRM,2015-08-20T16:00:00,0.17,0.19
CRM,2015-11-18T16:00:00,0.19,0.21
CRM,2016-02-24T16:00:00,0.19,0.19
CRM,2016-05-18T16:00:00,0.23,0.24
CRM,2016-08-31T16:00:00,0.22,0.24
CRM,2016-11-17T16:00:00,0.21,0.24
CRM,2017-02-28T16:00:00,0.25,0.28
CRM,2017-05-18T16:00:00,0.26,0.28
CRM,2017-08-22T16:00:00,0.32,0.33
CRM,2017-11-21T16:00:00,0.37,0.39
CRM,2018-02-28T16:00:00,0.34,0.35
CRM,2018-05-29T16:00:00,0.46,0.74
CRM,2018-08-29T16:00:00,0.47,0.71
CRM,2018-11-27T16:00:00,0.5,0.61
CRM,2019-03-04T16:00:00,0.55,0.7
CRM,2019-06-04T16:00:00,0.61,0.93
CRM,2019-08-22T16:00:00,0.47,0.66
CRM,2019-12-03T16:00:00,0.66,0.75
CRM,2020-02-25T16:00:00,0.56,0.66
CRM,2020-05-28T16:00:00,0.69,0.7
CRM,2020-08-25T16:00:00,0.67,1.44
CRM,2020-12-01T16:00:00,0.75,1.74
CRM,2021-02-25T16:00:00,0.75,1.04
CRM,2021-05-27T16:00:00,0.88,1.21
CRM,2021-08-25T16:00:00,0.93,1.48
CRM,2021-11-30T16:00:00,0.92,1.27
CRM,2022-03-01T16:00:00,0.75,0.84
CRM,2022-05-31T16:00:00,0.94,0.98
CRM,2022-08-24T16:00:00,1.03,1.19
CRM,2022-11-30T16:00:00,1.22,1.4
CRM,2023-03-01T16:00:00,1.36,1.68
CRM,2023-05-31T16:00:00,1.61,1.69
CRM,2023-08-30T16:00:00,1.9,2.12
CRM,2023-11-29T16:00:00,2.06,2.11
CRM,2024-02-28T16:00:00,2.27,2.29
CRM,2024-05-29T16:00:00,2.37,2.44
CRM,2024-08-28T16:00:00,2.36,2.56
CRM,2024-12-03T16:00:00,2.45,2.41
CRM,2025-02-26T16:00:00,2.61,2.78
CRM,2025-05-28T16:00:00,2.55,2.58
CRM,2025-09-03T16:00:00,2.78,2.91
CRM,2025-12-03T16:00:00,2.86,3.25
CRM,2026-02-25T16:00:00,3.05,3.81
CRM,2026-05-27T16:00:00,3.13,3.88
CRM,2026-08-26T16:00:00,3.27,5.9
CRM,2026-12-02T15:00:00,3.45,
CVX,2014-08-01T08:00:00,2.67,2.98
CVX,2014-10-31T08:00:00,2.53,2.95
CVX,2015-01-30T08:00:00,1.65,1.85
CVX,2015-05-01T08:00:00,0.81,1.37
CVX,2015-07-31T08:00:00,1.16,0.97
CVX,2015-10-30T08:00:00,0.74,1.09
CVX,2016-01-29T08:00:00,0.51,0.27
CVX,2016-04-29T08:00:00,-0.16,-0.11
CVX,2016-07-29T08:00:00,0.32,0.35
CVX,2016-10-28T08:00:00,0.39,0.49
CVX,2017-01-27T08:00:00,0.64,0.21
CVX,2017-04-28T08:00:00,0.87,1.23
CVX,2017-07-28T08:00:00,0.87,0.91
CVX,2017-10-27T08:00:00,0.97,0.85
CVX,2018-02-02T08:00:00,1.24,0.72
CVX,2018-04-27T08:00:00,1.49,1.9
CVX,2018-07-27T08:00:00,2.09,1.78
CVX,2018-11-02T08:00:00,2.06,2.44
CVX,2019-02-01T08:00:00,1.89,1.95
CVX,2019-04-26T08:00:00,1.33,1.47
CVX,2019-08-02T08:00:00,1.82,1.77
CVX,2019-11-01T08:00:00,1.46,1.55
CVX,2020-01-31T08:00:00,1.46,1.49
CVX,2020-05-01T07:00:00,0.67,1.29
CVX,2020-07-31T06:00:00,-0.92,-1.59
CVX,2020-10-30T06:00:00,-0.27,0.11
CVX,2021-01-29T07:00:00,0.09,-0.01
CVX,2021-04-30T06:00:00,0.94,0.9
CVX,2021-07-30T06:00:00,1.6,1.71
CVX,2021-10-29T06:00:00,2.19,2.96
CVX,2022-01-28T06:00:00,3.12,2.56
CVX,2022-04-29T06:00:00,3.45,3.36
CVX,2022-07-29T06:00:00,5.03,5.82
CVX,2022-10-28T06:00:00,4.92,5.56
CVX,2023-01-27T06:00:00,4.3,4.09
CVX,2023-04-28T06:00:00,3.38,3.55
CVX,2023-07-23T16:00:00,2.98,3.08
CVX,2023-10-27T03:00:00,3.68,3.05
CVX,2024-02-02T06:00:00,3.22,3.45
CVX,2024-04-26T03:00:00,2.91,2.93
CVX,2024-08-02T06:00:00,3.0,2.55
CVX,2024-11-01T06:00:00,2.42,2.51
CVX,2025-01-31T06:00:00,2.11,2.06
CVX,2025-05-02T06:00:00,2.15,2.18
CVX,2025-08-01T06:00:00,1.74,1.77
CVX,2025-10-31T06:00:00,1.71,1.85
CVX,2026-01-30T06:00:00,1.44,1.52
CVX,2026-05-01T06:00:00,0.97,1.41
CVX,2026-07-31T06:00:00,5.57,6.06
CVX,2026-10-30T08:00:00,4.71,
DIS,2014-08-05T16:00:00,1.17,1.28
DIS,2014-11-06T16:00:00,0.89,0.89
DIS,2015-02-03T16:00:00,1.06,1.27
DIS,2015-05-05T08:00:00,1.11,1.23
DIS,2015-08-04T16:00:00,1.42,1.45
DIS,2015-11-05T16:00:00,1.14,1.2
DIS,2016-02-09T16:00:00,1.45,1.63
DIS,2016-05-10T16:00:00,1.4,1.36
DIS,2016-08-09T16:00:00,1.61,1.62
DIS,2016-11-10T16:00:00,1.16,1.1
DIS,2017-02-07T16:00:00,1.49,1.55
DIS,2017-05-09T16:00:00,1.41,1.5
DIS,2017-08-08T16:00:00,1.55,1.58
DIS,2017-11-09T16:00:00,1.12,1.07
DIS,2018-02-06T16:00:00,1.61,1.89
DIS,2018-05-08T16:00:00,1.7,1.84
DIS,2018-08-07T16:00:00,1.95,1.87
DIS,2018-11-08T16:00:00,1.35,1.48
DIS,2019-02-05T16:00:00,1.57,1.84
DIS,2019-05-08T16:00:00,1.57,1.61
DIS,2019-08-06T16:00:00,1.74,1.35
DIS,2019-11-07T16:00:00,0.96,1.07
DIS,2020-02-04T16:00:00,1.44,1.53
DIS,2020-05-05T17:00:00,0.9,0.6
DIS,2020-08-04T16:00:00,-0.67,0.08
DIS,2020-11-12T16:00:00,-0.65,-0.2
DIS,2021-02-11T16:00:00,-0.34,0.32
DIS,2021-05-13T16:00:00,0.26,0.79
DIS,2021-08-12T16:00:00,0.55,0.8
DIS,2021-11-10T16:00:00,0.5,0.38
DIS,2022-02-09T16:00:00,0.62,1.06
DIS,2022-05-11T16:00:00,1.19,1.08
DIS,2022-08-10T16:00:00,0.99,1.09
DIS,2022-11-08T16:00:00,0.56,0.3
DIS,2023-02-08T16:00:00,0.79,0.99
DIS,2023-05-10T16:00:00,0.94,0.93
DIS,2023-08-09T16:00:00,0.98,1.04
DIS,2023-11-08T16:00:00,0.71,0.82
DIS,2024-02-07T16:00:00,1.03,1.22
DIS,2024-05-07T06:00:00,1.1,1.21
DIS,2024-08-07T06:00:00,1.19,1.39
DIS,2024-11-14T06:00:00,1.11,1.14
DIS,2025-02-05T06:00:00,1.43,1.76
DIS,2025-05-07T06:00:00,1.21,1.45
DIS,2025-08-06T06:00:00,1.45,1.61
DIS,2025-11-13T06:00:00,1.02,1.11
DIS,2026-02-02T06:00:00,1.58,1.63
DIS,2026-05-06T06:00:00,1.5,1.57
DIS,2026-08-05T06:00:00,1.85,2.06
DIS,2026-11-12T07:00:00,1.69,
GE,2014-07-18T06:00:00,3.15,3.12
GE,2014-10-17T06:00:00,2.99,3.04
GE,2015-01-23T06:00:00,4.36,4.48
GE,2015-04-17T06:00:00,2.41,2.48
GE,2015-07-17T06:00:00,2.29,2.24
GE,2015-10-16T07:00:00,2.08,2.32
GE,2016-01-22T06:00:00,3.96,4.16
GE,2016-04-22T06:00:00,1.54,1.68
GE,2016-07-22T06:00:00,3.65,4.08
GE,2016-10-21T06:00:00,2.4,2.56
GE,2017-01-20T06:00:00,3.68,3.68
GE,2017-04-21T06:00:00,1.36,1.68
GE,2017-07-21T06:00:00,2.0,2.24
GE,2017-10-20T06:00:00,3.92,2.32
GE,2018-01-24T06:00:00,2.27,2.16
GE,2018-04-20T07:00:00,0.91,1.28
GE,2018-07-20T06:00:00,1.4,1.52
GE,2018-10-30T06:00:00,1.61,1.12
GE,2019-01-31T06:00:00,1.79,1.36
GE,2019-04-30T06:00:00,0.73,1.12
GE,2019-07-31T06:00:00,0.95,1.36
GE,2019-10-30T06:00:00,0.91,1.2
GE,2020-01-29T06:00:00,1.42,1.68
GE,2020-04-29T06:00:00,0.65,0.4
GE,2020-07-29T06:00:00,-0.72,-1.2
GE,2020-10-28T06:00:00,-0.23,0.48
GE,2021-01-26T06:00:00,0.68,0.64
GE,2021-04-27T06:00:00,0.08,0.24
GE,2021-07-27T06:00:00,0.27,0.4
GE,2021-10-26T06:00:00,0.44,0.57
GE,2022-01-25T06:00:00,0.82,0.92
GE,2022-04-26T06:00:00,0.22,0.24
GE,2022-07-26T06:00:00,0.42,0.78
GE,2022-10-25T06:00:00,0.49,0.35
GE,2023-01-24T06:00:00,1.16,1.24
GE,2023-04-25T06:00:00,0.14,0.27
GE,2023-07-25T06:00:00,0.46,0.68
GE,2023-10-24T06:00:00,0.56,0.82
GE,2024-01-23T06:00:00,0.9,1.03
GE,2024-04-23T06:00:00,0.7,0.82
GE,2024-07-23T06:00:00,0.99,1.2
GE,2024-10-22T06:00:00,1.13,1.15
GE,2025-01-23T06:00:00,1.04,1.32
GE,2025-04-22T06:00:00,1.27,1.49
GE,2025-07-17T06:00:00,1.43,1.66
GE,2025-10-21T06:00:00,1.47,1.66
GE,2026-01-22T06:00:00,1.43,1.57
GE,2026-04-21T06:00:00,1.6,1.86
GE,2026-07-16T06:00:00,1.86,2.02
GE,2026-10-20T08:00:00,1.98,
GOOGL,2014-07-17T16:00:00,0.31,0.3
GOOGL,2014-10-16T16:00:00,0.33,0.32
GOOGL,2015-01-29T16:00:00,0.36,0.34
GOOGL,2015-04-23T16:00:00,0.27,0.26
GOOGL,2015-07-16T16:00:00,0.27,0.25
GOOGL,2015-10-22T16:00:00,0.36,0.37
GOOGL,2016-02-01T16:00:00,0.4,0.43
GOOGL,2016-04-21T16:00:00,0.4,0.38
GOOGL,2016-07-28T16:00:00,0.32,0.35
GOOGL,2016-10-27T16:00:00,0.34,0.36
GOOGL,2017-01-26T16:00:00,0.48,0.47
GOOGL,2017-04-27T16:00:00,0.47,0.5
GOOGL,2017-07-24T16:00:00,0.22,0.25
GOOGL,2017-10-26T16:00:00,0.42,0.48
GOOGL,2018-02-01T16:00:00,0.49,0.49
GOOGL,2018-04-23T16:00:00,0.46,0.47
GOOGL,2018-07-23T16:00:00,0.19,0.23
GOOGL,2018-10-25T16:00:00,0.52,0.65
GOOGL,2019-02-04T16:00:00,0.54,0.64
GOOGL,2019-04-29T16:00:00,0.52,0.6
GOOGL,2019-07-25T16:00:00,0.57,0.71
GOOGL,2019-10-28T16:00:00,0.62,0.51
GOOGL,2020-02-03T16:00:00,0.63,0.77
GOOGL,2020-04-28T16:00:00,0.54,0.49
GOOGL,2020-07-30T16:00:00,0.41,0.51
GOOGL,2020-10-29T16:00:00,0.56,0.82
GOOGL,2021-02-02T16:00:00,0.79,1.12
GOOGL,2021-04-27T16:00:00,0.78,1.31
GOOGL,2021-07-27T16:00:00,0.96,1.36
GOOGL,2021-10-26T16:00:00,1.16,1.4
GOOGL,2022-02-01T16:00:00,1.36,1.53
GOOGL,2022-04-26T16:00:00,1.28,1.23
GOOGL,2022-07-26T16:00:00,1.29,1.21
GOOGL,2022-10-25T16:00:00,1.26,1.06
GOOGL,2023-02-02T16:00:00,1.2,1.05
GOOGL,2023-04-25T16:00:00,1.07,1.17
GOOGL,2023-07-25T16:00:00,1.34,1.44
GOOGL,2023-10-24T16:00:00,1.45,1.55
GOOGL,2024-01-30T16:00:00,1.6,1.64
GOOGL,2024-04-25T16:00:00,1.51,1.89
GOOGL,2024-07-23T16:00:00,1.84,1.89
GOOGL,2024-10-29T16:00:00,1.85,2.12
GOOGL,2025-02-04T16:00:00,2.13,2.15
GOOGL,2025-04-24T16:00:00,2.01,2.81
GOOGL,2025-07-23T16:00:00,2.19,2.31
GOOGL,2025-10-29T16:00:00,2.26,2.87
GOOGL,2026-02-04T16:00:00,2.64,2.82
GOOGL,2026-04-29T16:00:00,2.67,5.11
GOOGL,2026-07-22T16:00:00,2.9,9.11
GOOGL,2026-10-28T16:00:00,3.02,
GS,2014-07-15T07:00:00,3.09,4.1
GS,2014-10-16T07:00:00,3.14,4.57
GS,2015-01-16T07:00:00,4.31,4.38
GS,2015-04-16T07:00:00,4.27,5.94
GS,2015-07-16T07:00:00,3.95,1.98
GS,2015-10-15T07:00:00,3.08,2.9
GS,2016-01-20T07:00:00,3.62,4.68
GS,2016-04-19T07:00:00,2.5,2.68
GS,2016-07-19T07:00:00,3.04,3.72
GS,2016-10-18T07:00:00,3.83,4.88
GS,2017-01-18T07:00:00,4.8,5.08
GS,2017-04-18T07:00:00,5.24,5.15
GS,2017-07-18T07:00:00,3.41,3.95
GS,2017-10-17T07:00:00,4.15,5.02
GS,2018-01-17T07:00:00,4.95,5.68
GS,2018-04-17T07:00:00,5.54,6.95
GS,2018-07-17T07:00:00,4.64,5.98
GS,2018-10-16T07:00:00,5.38,6.28
GS,2019-01-16T07:00:00,4.71,6.04
GS,2019-04-15T07:00:00,5.1,5.71
GS,2019-07-16T07:00:00,5.09,5.81
GS,2019-10-15T07:00:00,4.89,4.79
GS,2020-01-15T07:00:00,5.49,4.69
GS,2020-04-15T07:00:00,3.36,3.11
GS,2020-07-15T07:00:00,3.91,6.26
GS,2020-10-14T07:00:00,5.5,9.68
GS,2021-01-19T07:00:00,7.36,12.55
GS,2021-04-14T07:00:00,10.19,18.6
GS,2021-07-13T07:00:00,10.18,15.02
GS,2021-10-15T08:00:00,10.01,14.93
GS,2022-01-18T07:00:00,11.93,10.81
GS,2022-04-14T07:00:00,8.98,10.76
GS,2022-07-18T07:00:00,6.56,7.73
GS,2022-10-18T07:00:00,7.52,8.25
GS,2023-01-17T07:00:00,5.77,3.32
GS,2023-04-18T07:00:00,8.06,8.79
GS,2023-07-19T07:00:00,3.83,3.08
GS,2023-10-17T07:00:00,5.53,5.47
GS,2024-01-16T07:00:00,4.27,5.48
GS,2024-04-15T07:00:00,8.7,11.58
GS,2024-07-15T07:00:00,8.4,8.41
GS,2024-10-15T07:00:00,7.31,9.02
GS,2025-01-15T07:00:00,8.29,10.97
GS,2025-04-14T07:00:00,12.29,14.12
GS,2025-07-16T07:00:00,9.62,10.91
GS,2025-10-14T07:00:00,11.09,12.25
GS,2026-01-15T07:00:00,11.76,14.01
GS,2026-04-13T07:00:00,16.24,17.55
GS,2026-07-14T07:00:00,14.54,20.98
GS,2026-10-13T08:00:00,14.78,
INTC,2014-07-15T16:00:00,0.52,0.55
INTC,2014-10-14T16:00:00,0.65,0.66
INTC,2015-01-15T16:00:00,0.66,0.74
INTC,2015-04-27T19:00:00,0.41,0.41
INTC,2015-07-15T16:00:00,0.5,0.55
INTC,2015-10-13T16:00:00,0.59,0.64
INTC,2016-01-14T16:00:00,0.63,0.74
INTC,2016-04-19T16:00:00,0.48,0.54
INTC,2016-07-20T16:00:00,0.53,0.59
INTC,2016-10-18T16:00:00,0.72,0.8
INTC,2017-01-26T16:00:00,0.75,0.79
INTC,2017-04-27T16:00:00,0.65,0.66
INTC,2017-07-27T16:00:00,0.68,0.72
INTC,2017-10-26T16:00:00,0.8,1.01
INTC,2018-01-25T18:00:00,0.87,1.08
INTC,2018-04-26T16:00:00,0.72,0.87
INTC,2018-07-26T16:00:00,0.97,1.04
INTC,2018-10-25T16:00:00,1.15,1.4
INTC,2019-01-24T16:00:00,1.22,1.28
INTC,2019-04-25T16:00:00,0.87,0.89
INTC,2019-07-25T16:00:00,0.9,1.06
INTC,2019-10-24T16:00:00,1.24,1.42
INTC,2020-01-23T16:00:00,1.25,1.52
INTC,2020-04-23T16:00:00,1.26,1.45
INTC,2020-07-23T16:00:00,1.11,1.23
INTC,2020-10-22T16:00:00,1.11,1.11
INTC,2021-01-21T16:00:00,1.11,1.52
INTC,2021-04-22T16:00:00,1.14,1.39
INTC,2021-07-22T16:00:00,1.07,1.28
INTC,2021-10-21T16:00:00,1.11,1.71
INTC,2022-01-26T16:00:00,0.91,1.09
INTC,2022-04-28T16:00:00,0.8,0.87
INTC,2022-07-28T16:00:00,0.7,0.29
INTC,2022-10-27T16:00:00,0.33,0.59
INTC,2023-01-26T16:00:00,0.2,0.1
INTC,2023-04-27T16:00:00,-0.14,-0.04
INTC,2023-07-27T16:00:00,-0.03,0.13
INTC,2023-10-26T16:00:00,0.22,0.41
INTC,2024-01-25T16:00:00,0.45,0.54
INTC,2024-04-25T16:00:00,0.14,0.18
INTC,2024-08-01T12:00:00,0.1,0.02
INTC,2024-10-31T16:00:00,-0.03,-0.46
INTC,2025-01-30T16:00:00,0.12,0.13
INTC,2025-04-24T16:00:00,,0.13
INTC,2025-07-24T16:00:00,0.01,-0.1
INTC,2025-10-23T16:00:00,0.01,0.23
INTC,2026-01-22T16:00:00,0.08,0.15
INTC,2026-04-23T16:00:00,0.01,0.29
INTC,2026-07-23T16:00:00,0.22,0.42
INTC,2026-10-22T16:00:00,0.39,
JNJ,2014-07-15T07:00:00,1.55,1.66
JNJ,2014-10-14T07:00:00,1.45,1.5
JNJ,2015-01-20T07:00:00,1.26,1.27
JNJ,2015-04-14T07:00:00,1.54,1.56
JNJ,2015-07-14T07:00:00,1.68,1.71
JNJ,2015-10-13T07:00:00,1.45,1.49
JNJ,2016-01-26T06:00:00,1.42,1.44
JNJ,2016-04-19T06:00:00,1.65,1.68
JNJ,2016-07-19T06:00:00,1.68,1.74
JNJ,2016-10-18T06:00:00,1.66,1.68
JNJ,2017-01-24T06:00:00,1.56,1.58
JNJ,2017-04-18T06:00:00,1.77,1.83
JNJ,2017-07-18T06:00:00,1.79,1.83
JNJ,2017-10-17T06:00:00,1.8,1.9
JNJ,2018-01-23T06:00:00,1.72,1.74
JNJ,2018-04-17T06:00:00,2.0,2.06
JNJ,2018-07-17T06:00:00,2.07,2.1
JNJ,2018-10-16T06:00:00,2.03,2.05
JNJ,2019-01-22T06:00:00,1.95,1.97
JNJ,2019-04-16T06:00:00,2.04,2.1
JNJ,2019-07-16T06:00:00,2.44,2.58
JNJ,2019-10-15T06:00:00,2.01,2.12
JNJ,2020-01-22T06:00:00,1.87,1.88
JNJ,2020-04-14T07:00:00,2.0,2.3
JNJ,2020-07-16T06:00:00,1.51,1.67
JNJ,2020-10-13T06:00:00,1.98,2.2
JNJ,2021-01-26T06:00:00,1.83,1.86
JNJ,2021-04-20T06:00:00,2.35,2.59
JNJ,2021-07-21T06:00:00,2.28,2.48
JNJ,2021-10-19T06:00:00,2.35,2.6
JNJ,2022-01-25T06:00:00,2.12,2.13
JNJ,2022-04-19T06:00:00,2.57,2.67
JNJ,2022-07-19T06:00:00,2.55,2.59
JNJ,2022-10-18T06:00:00,2.49,2.55
JNJ,2023-01-24T06:00:00,2.24,2.35
JNJ,2023-04-18T06:00:00,2.5,2.68
JNJ,2023-07-20T06:00:00,2.62,2.8
JNJ,2023-10-17T06:00:00,2.52,2.66
JNJ,2024-01-23T06:00:00,2.28,2.29
JNJ,2024-04-16T06:00:00,2.65,2.71
JNJ,2024-07-17T06:00:00,2.7,2.82
JNJ,2024-10-15T06:00:00,2.21,2.42
JNJ,2025-01-22T06:00:00,2.01,2.04
JNJ,2025-04-15T06:00:00,2.58,2.77
JNJ,2025-07-16T06:00:00,2.68,2.77
JNJ,2025-10-14T06:00:00,2.76,2.8
JNJ,2026-01-21T06:00:00,2.46,2.46
JNJ,2026-04-14T06:00:00,2.68,2.7
JNJ,2026-07-15T06:00:00,2.85,2.9
JNJ,2026-10-13T08:00:00,2.48,
JPM,2014-07-15T06:00:00,1.3,1.46
JPM,2014-10-14T06:00:00,1.38,1.62
JPM,2015-01-14T06:00:00,1.32,1.19
JPM,2015-04-14T07:00:00,1.41,1.45
JPM,2015-07-14T07:00:00,1.44,1.54
JPM,2015-10-13T16:00:00,1.37,1.32
JPM,2016-01-14T06:00:00,1.26,1.32
JPM,2016-04-13T06:00:00,1.26,1.35
JPM,2016-07-14T06:00:00,1.43,1.55
JPM,2016-10-14T02:00:00,1.39,1.58
JPM,2017-01-13T07:00:00,1.42,1.58
JPM,2017-04-13T06:00:00,1.51,1.65
JPM,2017-07-14T06:00:00,1.59,1.71
JPM,2017-10-12T06:00:00,1.66,1.76
JPM,2018-01-12T06:00:00,1.69,1.76
JPM,2018-04-13T06:00:00,2.29,2.26
JPM,2018-07-13T06:00:00,2.22,2.29
JPM,2018-10-12T06:00:00,2.26,2.34
JPM,2019-01-15T06:00:00,2.19,1.98
JPM,2019-04-12T06:00:00,2.35,2.65
JPM,2019-07-16T06:00:00,2.49,2.82
JPM,2019-10-15T06:00:00,2.45,2.68
JPM,2020-01-14T06:00:00,2.36,2.57
JPM,2020-04-14T06:00:00,2.2,2.89
JPM,2020-07-14T06:00:00,1.21,1.08
JPM,2020-10-13T06:00:00,2.24,3.09
JPM,2021-01-15T06:00:00,2.65,3.07
JPM,2021-04-14T06:00:00,3.06,4.59
JPM,2021-07-13T06:00:00,3.17,3.78
JPM,2021-10-13T06:00:00,3.0,3.55
JPM,2022-01-14T06:00:00,3.03,3.33
JPM,2022-04-13T06:00:00,2.71,2.63
JPM,2022-07-14T06:00:00,2.9,2.76
JPM,2022-10-14T06:00:00,2.85,3.12
JPM,2023-01-13T06:00:00,3.1,3.57
JPM,2023-04-14T06:00:00,3.37,4.1
JPM,2023-07-14T06:00:00,3.76,4.75
JPM,2023-10-13T06:00:00,3.97,4.33
JPM,2024-01-12T06:00:00,3.6,3.04
JPM,2024-04-12T06:00:00,4.13,4.44
JPM,2024-07-12T06:00:00,5.09,6.12
JPM,2024-10-11T06:00:00,3.99,4.37
JPM,2025-01-15T06:00:00,4.04,4.81
JPM,2025-04-11T06:00:00,4.64,5.07
JPM,2025-07-15T06:00:00,4.48,4.96
JPM,2025-10-14T06:00:00,4.87,5.07
JPM,2026-01-13T06:00:00,4.82,4.63
JPM,2026-04-14T06:00:00,5.51,5.94
JPM,2026-07-14T06:00:00,5.8,6.14
JPM,2026-10-13T08:00:00,5.88,
KO,2014-07-22T07:00:00,0.63,0.64
KO,2014-10-21T07:00:00,0.53,0.53
KO,2015-02-10T07:00:00,0.42,0.44
KO,2015-04-22T07:00:00,0.42,0.48
KO,2015-07-22T07:00:00,0.6,0.63
KO,2015-10-21T07:00:00,0.5,0.51
KO,2016-02-09T06:00:00,0.37,0.38
KO,2016-04-20T06:00:00,0.44,0.45
KO,2016-07-27T06:00:00,0.58,0.6
KO,2016-10-26T06:00:00,0.48,0.49
KO,2017-02-09T07:00:00,0.37,0.37
KO,2017-04-25T06:00:00,0.44,0.43
KO,2017-07-26T06:00:00,0.57,0.59
KO,2017-10-25T06:00:00,0.49,0.5
KO,2018-02-16T07:00:00,0.38,0.39
KO,2018-04-24T07:00:00,0.46,0.47
KO,2018-07-25T07:00:00,0.6,0.61
KO,2018-10-30T07:00:00,0.55,0.58
KO,2019-02-14T07:00:00,0.43,0.43
KO,2019-04-23T07:00:00,0.46,0.48
KO,2019-07-23T06:00:00,0.61,0.63
KO,2019-10-18T06:00:00,0.56,0.56
KO,2020-01-30T06:00:00,0.44,0.44
KO,2020-04-21T06:00:00,0.44,0.51
KO,2020-07-21T06:00:00,0.41,0.42
KO,2020-10-22T06:00:00,0.46,0.55
KO,2021-02-10T06:00:00,0.42,0.47
KO,2021-04-19T07:00:00,0.5,0.55
KO,2021-07-21T07:00:00,0.56,0.68
KO,2021-10-27T06:00:00,0.58,0.65
KO,2022-02-10T06:00:00,0.41,0.45
KO,2022-04-25T06:00:00,0.58,0.64
KO,2022-07-26T07:00:00,0.67,0.7
KO,2022-10-25T06:00:00,0.64,0.69
KO,2023-02-14T06:00:00,0.45,0.45
KO,2023-04-24T06:00:00,0.65,0.68
KO,2023-07-26T06:00:00,0.72,0.78
KO,2023-10-24T06:00:00,0.69,0.74
KO,2024-02-13T06:00:00,0.49,0.49
KO,2024-04-30T06:00:00,0.7,0.72
KO,2024-07-23T06:00:00,0.81,0.84
KO,2024-10-23T06:00:00,0.75,0.77
KO,2025-02-11T06:00:00,0.52,0.55
KO,2025-04-29T06:00:00,0.72,0.73
KO,2025-07-22T07:00:00,0.84,0.87
KO,2025-10-21T06:00:00,0.78,0.82
KO,2026-02-10T06:00:00,0.56,0.58
KO,2026-04-28T07:00:00,0.81,0.86
KO,2026-07-28T06:00:00,0.93,0.97
KO,2026-10-27T08:00:00,0.88,
LLY,2014-07-24T06:00:00,0.65,0.68
LLY,2014-10-23T06:00:00,0.67,0.66
LLY,2015-01-30T06:00:00,0.73,0.75
LLY,2015-04-23T06:00:00,0.74,0.87
LLY,2015-07-23T06:00:00,0.74,0.9
LLY,2015-10-22T06:00:00,0.76,0.89
LLY,2016-01-28T06:00:00,0.78,0.78
LLY,2016-04-26T06:00:00,0.85,0.83
LLY,2016-07-26T06:00:00,0.86,0.86
LLY,2016-10-25T06:00:00,0.96,0.88
LLY,2017-01-31T06:00:00,0.98,0.95
LLY,2017-04-25T06:00:00,0.96,0.98
LLY,2017-07-25T06:00:00,1.05,1.11
LLY,2017-10-24T06:00:00,1.03,1.05
LLY,2018-01-31T06:00:00,1.07,1.14
LLY,2018-04-24T06:00:00,1.13,1.34
LLY,2018-07-24T06:00:00,1.3,1.5
LLY,2018-11-06T06:00:00,1.35,1.39
LLY,2019-02-06T06:00:00,1.33,1.33
LLY,2019-04-30T06:00:00,1.33,1.33
LLY,2019-07-30T06:00:00,1.45,1.5
LLY,2019-10-23T06:00:00,1.41,1.48
LLY,2020-01-30T06:00:00,1.52,1.73
LLY,2020-04-23T06:00:00,1.48,1.75
LLY,2020-07-30T06:00:00,1.6,1.89
LLY,2020-10-27T06:00:00,1.71,1.54
LLY,2021-01-29T06:00:00,2.39,2.75
LLY,2021-04-27T06:00:00,2.1,1.87
LLY,2021-08-03T06:00:00,1.89,1.87
LLY,2021-10-26T06:00:00,1.96,1.94
LLY,2022-02-03T06:00:00,2.51,2.49
LLY,2022-04-28T06:00:00,2.29,2.62
LLY,2022-08-04T06:00:00,1.7,1.25
LLY,2022-11-01T06:00:00,1.94,1.98
LLY,2023-02-02T06:00:00,1.83,2.09
LLY,2023-04-27T06:00:00,1.73,1.62
LLY,2023-08-08T06:00:00,1.99,2.11
LLY,2023-11-02T06:00:00,-0.12,0.1
LLY,2024-02-06T06:00:00,2.37,2.49
LLY,2024-04-30T06:00:00,2.49,2.58
LLY,2024-08-08T07:00:00,2.77,3.92
LLY,2024-10-30T06:00:00,1.47,1.18
LLY,2025-02-06T06:00:00,5.07,5.32
LLY,2025-05-01T06:00:00,3.46,3.34
LLY,2025-08-07T06:00:00,5.59,6.31
LLY,2025-10-30T06:00:00,5.89,7.02
LLY,2026-02-04T06:00:00,6.91,7.54
LLY,2026-04-30T06:00:00,6.79,8.55
LLY,2026-08-05T06:00:00,6.58,8.38
LLY,2026-10-29T08:00:00,9.96,
META,2014-07-23T16:00:00,0.24,0.3
META,2014-10-28T16:00:00,0.4,0.42
META,2015-01-28T16:00:00,0.49,0.54
META,2015-04-22T16:00:00,0.16,0.18
META,2015-07-29T16:00:00,0.47,0.5
META,2015-11-04T16:00:00,0.27,0.31
META,2016-01-27T16:00:00,0.42,0.54
META,2016-04-27T16:00:00,0.4,0.52
META,2016-07-27T16:00:00,0.82,0.97
META,2016-11-02T16:00:00,0.71,0.82
META,2017-02-01T16:00:00,1.31,1.41
META,2017-05-03T16:00:00,1.12,1.36
META,2017-07-26T16:00:00,1.12,1.32
META,2017-11-01T16:00:00,1.28,1.59
META,2018-01-31T16:00:00,1.97,2.21
META,2018-04-25T16:00:00,1.35,1.69
META,2018-07-25T16:00:00,1.7,1.74
META,2018-10-30T16:00:00,1.45,1.76
META,2019-01-30T16:00:00,2.18,2.38
META,2019-04-24T16:00:00,1.61,0.85
META,2019-07-24T16:00:00,1.88,1.99
META,2019-10-30T16:00:00,1.91,2.12
META,2020-01-29T16:00:00,2.53,2.56
META,2020-04-29T17:00:00,1.7,1.71
META,2020-07-30T16:00:00,1.4,1.8
META,2020-10-29T16:00:00,1.91,2.4
META,2021-01-27T16:00:00,3.24,3.88
META,2021-04-28T16:00:00,2.35,3.3
META,2021-07-28T16:00:00,3.06,3.61
META,2021-10-25T16:00:00,3.17,3.22
META,2022-02-02T16:00:00,3.83,3.67
META,2022-04-27T16:00:00,2.53,2.72
META,2022-07-27T16:00:00,2.55,2.46
META,2022-10-26T16:00:00,1.85,1.64
META,2023-02-01T16:00:00,2.24,1.76
META,2023-04-26T16:00:00,1.98,2.2
META,2023-07-26T16:00:00,2.91,2.98
META,2023-10-25T16:00:00,3.6,4.39
META,2024-02-01T16:00:00,4.94,5.33
META,2024-04-24T16:00:00,4.36,4.71
META,2024-07-31T16:00:00,4.76,5.16
META,2024-10-30T16:00:00,5.3,6.03
META,2025-01-29T16:00:00,6.74,8.02
META,2025-04-30T16:00:00,5.21,6.43
META,2025-07-30T16:00:00,5.86,7.14
META,2025-10-29T16:00:00,6.67,7.25
META,2026-01-28T16:00:00,8.22,8.88
META,2026-04-29T16:00:00,6.82,7.31
META,2026-07-29T16:00:00,7.22,6.18
META,2026-10-28T16:00:00,6.34,
MSFT,2014-07-22T16:00:00,0.6,0.55
MSFT,2014-10-23T16:00:00,0.54,0.65
MSFT,2015-01-26T16:00:00,0.74,0.77
MSFT,2015-04-23T16:00:00,0.53,0.62
MSFT,2015-07-21T16:00:00,0.57,0.62
MSFT,2015-10-22T16:00:00,0.59,0.67
MSFT,2016-01-28T16:00:00,0.71,0.78
MSFT,2016-04-21T16:00:00,0.64,0.62
MSFT,2016-07-19T16:00:00,0.58,0.69
MSFT,2016-10-20T16:00:00,0.68,0.76
MSFT,2017-01-26T16:00:00,0.79,0.84
MSFT,2017-04-27T16:00:00,0.7,0.73
MSFT,2017-07-20T16:00:00,0.71,0.98
MSFT,2017-10-26T16:00:00,0.73,0.84
MSFT,2018-01-31T16:00:00,0.87,0.96
MSFT,2018-04-26T16:00:00,0.85,0.95
MSFT,2018-07-19T16:00:00,1.08,1.13
MSFT,2018-10-24T16:00:00,0.97,1.14
MSFT,2019-01-30T16:00:00,1.09,1.1
MSFT,2019-04-24T16:00:00,1.0,1.14
MSFT,2019-07-18T16:00:00,1.21,1.37
MSFT,2019-10-23T16:00:00,1.24,1.38
MSFT,2020-01-29T16:00:00,1.32,1.51
MSFT,2020-04-29T16:00:00,1.27,1.4
MSFT,2020-07-22T16:00:00,1.37,1.46
MSFT,2020-10-27T16:00:00,1.55,1.82
MSFT,2021-01-26T16:00:00,1.64,2.03
MSFT,2021-04-27T16:00:00,1.78,1.95
MSFT,2021-07-27T16:00:00,1.93,2.17
MSFT,2021-10-26T16:00:00,2.08,2.27
MSFT,2022-01-25T16:00:00,2.32,2.48
MSFT,2022-04-26T16:00:00,2.2,2.22
MSFT,2022-07-26T16:00:00,2.29,2.23
MSFT,2022-10-25T16:00:00,2.31,2.35
MSFT,2023-01-24T16:00:00,2.32,2.32
MSFT,2023-04-25T16:00:00,2.23,2.45
MSFT,2023-07-25T16:00:00,2.55,2.69
MSFT,2023-10-24T16:00:00,2.65,2.99
MSFT,2024-01-30T16:00:00,2.77,2.93
MSFT,2024-04-25T16:00:00,2.84,2.94
MSFT,2024-07-30T16:00:00,2.94,2.95
MSFT,2024-10-30T16:00:00,3.11,3.3
MSFT,2025-01-29T16:00:00,3.12,3.23
MSFT,2025-04-30T16:00:00,3.22,3.46
MSFT,2025-07-30T16:00:00,3.38,3.65
MSFT,2025-10-29T16:00:00,3.66,4.13
MSFT,2026-01-28T16:00:00,3.92,4.14
MSFT,2026-04-29T16:00:00,4.07,4.27
MSFT,2026-07-29T16:00:00,4.24,4.74
MSFT,2026-10-28T16:00:00,4.72,
NEE,2014-07-29T07:00:00,0.36,0.36
NEE,2014-10-31T07:00:00,0.38,0.39
NEE,2015-01-27T07:00:00,0.26,0.26
NEE,2015-04-29T07:00:00,0.32,0.35
NEE,2015-08-03T07:00:00,0.37,0.39
NEE,2015-10-28T07:00:00,0.41,0.4
NEE,2016-01-28T07:00:00,0.27,0.29
NEE,2016-04-28T07:00:00,0.35,0.34
NEE,2016-07-27T07:00:00,0.39,0.42
NEE,2016-10-31T07:00:00,0.42,0.44
NEE,2017-01-27T08:00:00,0.32,0.3
NEE,2017-04-21T07:00:00,0.4,0.44
NEE,2017-07-26T07:00:00,0.44,0.47
NEE,2017-10-26T07:00:00,0.44,0.46
NEE,2018-01-26T07:00:00,0.33,0.31
NEE,2018-04-24T07:00:00,0.46,0.49
NEE,2018-07-25T07:00:00,0.52,0.53
NEE,2018-10-23T03:00:00,0.54,0.55
NEE,2019-01-25T07:00:00,0.38,0.37
NEE,2019-04-23T07:00:00,0.51,0.55
NEE,2019-07-24T07:00:00,0.58,0.59
NEE,2019-10-22T07:00:00,0.57,0.6
NEE,2020-01-24T07:00:00,0.37,0.36
NEE,2020-04-22T07:00:00,0.56,0.6
NEE,2020-07-24T07:00:00,0.63,0.65
NEE,2020-10-21T07:00:00,0.65,0.67
NEE,2021-01-26T02:00:00,0.38,0.4
NEE,2021-04-21T07:00:00,0.61,0.67
NEE,2021-07-23T07:00:00,0.69,0.71
NEE,2021-10-20T07:00:00,0.72,0.75
NEE,2022-01-25T07:00:00,0.4,0.41
NEE,2022-04-21T07:00:00,0.72,0.74
NEE,2022-07-22T07:00:00,0.76,0.81
NEE,2022-10-28T07:00:00,0.8,0.85
NEE,2023-01-25T07:00:00,0.49,0.51
NEE,2023-04-25T07:00:00,0.76,0.84
NEE,2023-07-25T07:00:00,0.81,0.88
NEE,2023-10-24T07:00:00,0.88,0.94
NEE,2024-01-25T07:00:00,0.49,0.52
NEE,2024-04-23T07:00:00,0.8,0.91
NEE,2024-07-24T07:00:00,0.95,0.96
NEE,2024-10-23T07:00:00,0.97,1.03
NEE,2025-01-24T07:00:00,0.53,0.53
NEE,2025-04-22T20:00:00,0.98,0.99
NEE,2025-07-23T07:00:00,1.01,1.05
NEE,2025-10-28T07:00:00,1.02,1.13
NEE,2026-01-27T07:00:00,0.53,0.54
NEE,2026-04-23T07:00:00,1.03,1.09
NEE,2026-07-24T07:00:00,1.11,1.15
NEE,2026-10-27T08:00:00,1.18,
NKE,2014-06-26T16:00:00,0.38,0.39
NKE,2014-09-25T16:00:00,0.44,0.55
NKE,2014-12-18T16:00:00,0.35,0.37
NKE,2015-03-19T16:00:00,0.42,0.45
NKE,2015-06-25T16:00:00,0.42,0.49
NKE,2015-09-24T16:00:00,0.6,0.67
NKE,2015-12-22T16:00:00,0.43,0.45
NKE,2016-03-22T16:00:00,0.48,0.55
NKE,2016-06-28T16:00:00,0.48,0.49
NKE,2016-09-27T16:00:00,0.56,0.73
NKE,2016-12-20T16:00:00,0.43,0.5
NKE,2017-03-21T16:00:00,0.52,0.68
NKE,2017-06-29T16:00:00,0.49,0.6
NKE,2017-09-26T16:00:00,0.48,0.57
NKE,2017-12-21T16:00:00,0.4,0.46
NKE,2018-03-22T16:00:00,0.53,0.68
NKE,2018-06-28T16:00:00,0.64,0.69
NKE,2018-09-25T16:00:00,0.63,0.67
NKE,2018-12-20T16:00:00,0.46,0.52
NKE,2019-03-21T16:00:00,0.65,0.68
NKE,2019-06-27T16:00:00,0.66,0.62
NKE,2019-09-24T16:00:00,0.71,0.86
NKE,2019-12-19T16:00:00,0.58,0.7
NKE,2020-03-24T16:00:00,0.56,0.78
NKE,2020-06-25T16:00:00,0.04,-0.51
NKE,2020-09-22T16:00:00,0.48,0.95
NKE,2020-12-18T16:00:00,0.62,0.78
NKE,2021-03-18T16:00:00,0.75,0.9
NKE,2021-06-24T16:00:00,0.51,0.93
NKE,2021-09-23T16:00:00,1.12,1.16
NKE,2021-12-20T16:00:00,0.63,0.83
NKE,2022-03-21T16:00:00,0.72,0.87
NKE,2022-06-27T16:00:00,0.81,0.9
NKE,2022-09-29T16:00:00,0.92,0.93
NKE,2022-12-20T16:00:00,0.66,0.85
NKE,2023-03-21T16:00:00,0.54,0.79
NKE,2023-06-29T16:00:00,0.68,0.66
NKE,2023-09-28T16:00:00,0.76,0.94
NKE,2023-12-21T16:00:00,0.85,1.03
NKE,2024-03-21T16:00:00,0.76,0.98
NKE,2024-06-27T16:00:00,0.83,0.99
NKE,2024-10-01T16:00:00,0.52,0.7
NKE,2024-12-19T16:00:00,0.63,0.78
NKE,2025-03-20T16:00:00,0.29,0.54
NKE,2025-06-26T16:00:00,0.12,0.14
NKE,2025-09-30T16:00:00,0.27,0.49
NKE,2025-12-18T16:00:00,0.38,0.53
NKE,2026-03-31T16:00:00,0.28,0.35
NKE,2026-06-30T16:00:00,0.13,0.72
NKE,2026-10-01T16:00:00,0.44,0.48
NVDA,2014-08-07T16:00:00,0.01,0.01
NVDA,2014-11-06T16:00:00,0.01,0.01
NVDA,2015-02-11T16:00:00,0.01,0.01
NVDA,2015-05-07T16:00:00,0.01,0.01
NVDA,2015-08-06T16:00:00,0.01,0.01
NVDA,2015-11-05T16:00:00,0.01,0.01
NVDA,2016-02-17T16:00:00,0.01,0.01
NVDA,2016-05-12T21:00:00,0.01,0.01
NVDA,2016-08-11T16:00:00,0.01,0.01
NVDA,2016-11-10T16:00:00,0.02,0.02
NVDA,2017-02-09T16:00:00,0.02,0.03
NVDA,2017-05-09T16:00:00,0.02,0.02
NVDA,2017-08-10T16:00:00,0.02,0.03
NVDA,2017-11-09T16:00:00,0.03,0.03
NVDA,2018-02-08T16:00:00,0.03,0.04
NVDA,2018-05-10T16:00:00,0.04,0.05
NVDA,2018-08-16T16:00:00,0.05,0.05
NVDA,2018-11-15T16:00:00,0.05,0.05
NVDA,2019-02-14T16:00:00,0.02,0.02
NVDA,2019-05-16T16:00:00,0.02,0.02
NVDA,2019-08-15T16:00:00,0.03,0.03
NVDA,2019-11-14T16:00:00,0.04,0.04
NVDA,2020-02-13T16:00:00,0.04,0.05
NVDA,2020-05-21T16:00:00,0.04,0.05
NVDA,2020-08-19T16:00:00,0.05,0.05
NVDA,2020-11-18T16:00:00,0.06,0.07
NVDA,2021-02-24T16:00:00,0.07,0.08
NVDA,2021-05-26T16:00:00,0.08,0.09
NVDA,2021-08-18T16:00:00,0.1,0.1
NVDA,2021-11-17T16:00:00,0.11,0.12
NVDA,2022-02-16T16:00:00,0.12,0.13
NVDA,2022-05-25T16:00:00,0.13,0.14
NVDA,2022-08-24T16:00:00,0.05,0.05
NVDA,2022-11-16T16:00:00,0.07,0.06
NVDA,2023-02-22T16:00:00,0.08,0.09
NVDA,2023-05-24T16:00:00,0.09,0.11
NVDA,2023-08-23T16:00:00,0.21,0.27
NVDA,2023-11-21T16:00:00,0.34,0.4
NVDA,2024-02-21T16:00:00,0.46,0.52
NVDA,2024-05-22T16:00:00,0.56,0.61
NVDA,2024-08-28T16:00:00,0.64,0.68
NVDA,2024-11-20T16:00:00,0.75,0.81
NVDA,2025-02-26T16:00:00,0.85,0.89
NVDA,2025-05-28T16:00:00,0.75,0.81
NVDA,2025-08-27T16:00:00,1.01,1.05
NVDA,2025-11-19T16:00:00,1.26,1.3
NVDA,2026-02-25T16:00:00,1.54,1.62
NVDA,2026-05-20T16:00:00,1.77,1.87
NVDA,2026-08-26T16:00:00,2.09,2.22
NVDA,2026-11-17T15:00:00,2.47,
PFE,2014-07-29T07:00:00,0.57,0.58
PFE,2014-10-28T07:00:00,0.55,0.57
PFE,2015-01-27T07:00:00,0.53,0.54
PFE,2015-04-28T07:00:00,0.49,0.51
PFE,2015-07-28T07:00:00,0.52,0.56
PFE,2015-10-27T06:00:00,0.51,0.6
PFE,2016-02-02T06:00:00,0.52,0.53
PFE,2016-05-03T05:00:00,0.55,0.67
PFE,2016-08-02T06:00:00,0.62,0.64
PFE,2016-11-01T06:00:00,0.62,0.61
PFE,2017-01-31T06:00:00,0.51,0.47
PFE,2017-05-02T06:00:00,0.67,0.69
PFE,2017-08-01T06:00:00,0.66,0.67
PFE,2017-10-31T06:00:00,0.65,0.67
PFE,2018-01-30T06:00:00,0.56,0.62
PFE,2018-05-01T06:00:00,0.74,0.77
PFE,2018-07-31T06:00:00,0.74,0.81
PFE,2018-10-30T06:00:00,0.75,0.78
PFE,2019-01-29T06:00:00,0.63,0.64
PFE,2019-04-30T06:00:00,0.75,0.85
PFE,2019-07-29T06:00:00,0.75,0.8
PFE,2019-10-29T06:00:00,0.62,0.75
PFE,2020-01-28T06:00:00,0.58,0.55
PFE,2020-04-28T06:00:00,0.73,0.8
PFE,2020-07-28T06:00:00,0.66,0.78
PFE,2020-10-27T06:00:00,0.71,0.72
PFE,2021-02-02T06:00:00,0.46,0.42
PFE,2021-05-04T06:00:00,0.78,0.93
PFE,2021-07-28T06:00:00,0.98,1.07
PFE,2021-11-02T06:00:00,1.09,1.34
PFE,2022-02-08T06:00:00,0.87,1.08
PFE,2022-05-03T06:00:00,1.57,1.62
PFE,2022-07-28T06:00:00,1.78,2.04
PFE,2022-11-01T06:00:00,1.4,1.78
PFE,2023-01-31T06:00:00,1.04,1.14
PFE,2023-05-02T06:00:00,0.99,1.23
PFE,2023-08-01T06:00:00,0.58,0.67
PFE,2023-10-31T06:00:00,-0.34,-0.17
PFE,2024-01-30T06:00:00,-0.18,0.1
PFE,2024-05-01T06:00:00,0.51,0.82
PFE,2024-07-30T08:00:00,0.46,0.6
PFE,2024-10-29T06:00:00,0.61,1.06
PFE,2025-02-04T06:00:00,0.46,0.63
PFE,2025-04-29T06:00:00,0.67,0.92
PFE,2025-08-05T06:00:00,0.57,0.78
PFE,2025-11-04T07:00:00,0.63,0.87
PFE,2026-02-03T06:00:00,0.57,0.66
PFE,2026-05-05T06:00:00,0.72,0.75
PFE,2026-08-04T06:00:00,0.68,0.77
PFE,2026-11-03T07:00:00,0.76,
PYPL,2015-07-29T16:00:00,0.32,0.33
PYPL,2015-10-28T16:00:00,0.29,0.31
PYPL,2016-01-27T16:00:00,0.34,0.36
PYPL,2016-04-27T16:00:00,0.35,0.37
PYPL,2016-07-21T16:00:00,0.36,0.36
PYPL,2016-10-20T16:00:00,0.35,0.35
PYPL,2017-01-26T16:00:00,0.42,0.42
PYPL,2017-04-26T16:00:00,0.41,0.44
PYPL,2017-07-26T16:00:00,0.43,0.46
PYPL,2017-10-19T16:00:00,0.43,0.46
PYPL,2018-01-31T16:00:00,0.52,0.55
PYPL,2018-04-25T16:00:00,0.54,0.57
PYPL,2018-07-25T16:00:00,0.56,0.58
PYPL,2018-10-18T16:00:00,0.54,0.58
PYPL,2019-01-30T16:00:00,0.67,0.69
PYPL,2019-04-24T16:00:00,0.68,0.78
PYPL,2019-07-24T16:00:00,0.83,0.86
PYPL,2019-10-23T16:00:00,0.6,0.61
PYPL,2020-01-29T16:00:00,0.83,0.86
PYPL,2020-05-07T06:00:00,0.75,0.66
PYPL,2020-07-29T16:00:00,0.87,1.07
PYPL,2020-11-02T16:00:00,0.94,1.07
PYPL,2021-02-03T16:00:00,1.0,1.08
PYPL,2021-05-05T16:00:00,1.02,1.22
PYPL,2021-07-28T16:00:00,1.12,1.15
PYPL,2021-11-08T16:00:00,1.08,1.11
PYPL,2022-02-01T16:00:00,1.12,1.11
PYPL,2022-04-27T16:00:00,0.88,0.88
PYPL,2022-08-02T16:00:00,0.87,0.93
PYPL,2022-11-03T17:00:00,0.96,1.08
PYPL,2023-02-09T16:00:00,1.2,1.24
PYPL,2023-05-08T16:00:00,1.1,1.17
PYPL,2023-08-02T16:00:00,1.16,1.16
PYPL,2023-11-01T16:00:00,1.23,1.3
PYPL,2024-02-07T16:00:00,1.36,1.48
PYPL,2024-04-30T07:00:00,1.22,1.08
PYPL,2024-07-30T07:00:00,0.99,1.19
PYPL,2024-10-29T07:00:00,1.07,1.2
PYPL,2025-02-04T07:00:00,1.12,1.19
PYPL,2025-04-29T07:00:00,1.16,1.33
PYPL,2025-07-29T07:00:00,1.3,1.4
PYPL,2025-10-28T07:00:00,1.21,1.34
PYPL,2026-02-03T07:00:00,1.29,1.23
PYPL,2026-05-05T07:00:00,1.27,1.34
PYPL,2026-07-28T07:00:00,1.28,1.38
PYPL,2026-10-27T08:00:00,1.31,
T,2014-07-23T16:00:00,0.63,0.62
T,2014-10-22T16:00:00,0.64,0.63
T,2015-01-27T16:00:00,0.54,0.55
T,2015-04-22T16:00:00,0.61,0.63
T,2015-07-23T16:00:00,0.63,0.69
T,2015-10-22T16:00:00,0.68,0.74
T,2016-01-26T16:00:00,0.63,0.63
T,2016-04-26T16:00:00,0.69,0.72
T,2016-07-21T16:00:00,0.72,0.72
T,2016-10-22T20:00:00,0.74,0.74
T,2017-01-25T16:00:00,0.66,0.66
T,2017-04-25T16:00:00,0.74,0.74
T,2017-07-25T16:00:00,0.74,0.79
T,2017-10-24T16:00:00,0.74,0.74
T,2018-01-31T16:00:00,0.65,0.78
T,2018-04-25T16:00:00,0.87,0.85
T,2018-07-24T16:00:00,0.85,0.91
T,2018-10-24T06:00:00,0.94,0.9
T,2019-01-30T06:00:00,0.85,0.86
T,2019-04-24T06:00:00,0.85,0.86
T,2019-07-24T06:00:00,0.89,0.89
T,2019-10-28T06:00:00,0.92,0.94
T,2020-01-29T06:00:00,0.87,0.89
T,2020-04-22T07:00:00,0.85,0.84
T,2020-07-23T07:00:00,0.79,0.83
T,2020-10-22T06:00:00,0.76,0.76
T,2021-01-27T06:00:00,0.73,0.75
T,2021-04-22T06:00:00,0.78,0.86
T,2021-07-22T06:00:00,0.8,0.89
T,2021-10-21T06:00:00,0.79,0.87
T,2022-01-26T06:00:00,0.75,0.78
T,2022-04-21T06:00:00,0.75,0.77
T,2022-07-21T06:00:00,0.61,0.65
T,2022-10-20T06:00:00,0.61,0.68
T,2023-01-25T06:00:00,0.57,0.61
T,2023-04-20T06:00:00,0.59,0.6
T,2023-07-26T06:00:00,0.6,0.63
T,2023-10-19T06:00:00,0.62,0.64
T,2024-01-24T06:00:00,0.56,0.54
T,2024-04-24T06:00:00,0.53,0.55
T,2024-07-24T06:00:00,0.57,0.57
T,2024-10-23T06:00:00,0.57,0.6
T,2025-01-27T06:00:00,0.51,0.54
T,2025-04-23T06:00:00,0.51,0.51
T,2025-07-23T06:00:00,0.53,0.54
T,2025-10-22T06:00:00,0.54,0.54
T,2026-01-28T06:00:00,0.47,0.52
T,2026-04-22T06:00:00,0.55,0.57
T,2026-07-22T06:00:00,0.59,0.65
T,2026-10-21T08:00:00,0.6,
TMO,2014-07-23T06:00:00,1.63,1.72
TMO,2014-10-22T06:00:00,1.69,1.71
TMO,2015-01-29T06:00:00,1.94,1.99
TMO,2015-04-22T06:00:00,1.61,1.63
TMO,2015-07-22T06:00:00,1.78,1.84
TMO,2015-10-21T06:00:00,1.79,1.8
TMO,2016-01-28T06:00:00,2.11,2.12
TMO,2016-04-28T06:00:00,1.74,1.8
TMO,2016-07-28T06:00:00,2.01,2.03
TMO,2016-10-27T06:00:00,1.97,2.03
TMO,2017-01-31T06:00:00,2.38,2.41
TMO,2017-04-26T06:00:00,2.02,2.08
TMO,2017-07-26T06:00:00,2.27,2.3
TMO,2017-10-25T06:00:00,2.25,2.31
TMO,2018-01-31T06:00:00,2.67,2.79
TMO,2018-04-25T06:00:00,2.41,2.5
TMO,2018-07-25T06:00:00,2.63,2.75
TMO,2018-10-24T06:00:00,2.56,2.62
TMO,2019-01-30T06:00:00,3.18,3.25
TMO,2019-04-24T06:00:00,2.74,2.81
TMO,2019-07-24T06:00:00,3.0,3.04
TMO,2019-10-23T06:00:00,2.89,2.94
TMO,2020-01-30T06:00:00,3.54,3.55
TMO,2020-04-22T06:00:00,2.82,2.94
TMO,2020-07-22T06:00:00,2.89,3.89
TMO,2020-10-21T06:00:00,4.3,5.63
TMO,2021-02-01T06:00:00,6.57,7.09
TMO,2021-04-29T06:00:00,6.68,7.21
TMO,2021-07-28T06:00:00,5.47,5.6
TMO,2021-10-27T06:00:00,4.7,5.76
TMO,2022-02-02T06:00:00,5.27,6.54
TMO,2022-04-28T06:00:00,6.21,7.25
TMO,2022-07-28T06:00:00,4.98,5.51
TMO,2022-10-26T06:00:00,4.82,5.08
TMO,2023-02-01T06:00:00,5.2,5.4
TMO,2023-04-26T06:00:00,5.03,5.03
TMO,2023-07-26T06:00:00,5.43,5.15
TMO,2023-10-25T06:00:00,5.61,5.69
TMO,2024-01-31T06:00:00,5.65,5.67
TMO,2024-04-24T06:00:00,4.71,5.11
TMO,2024-07-24T06:00:00,5.13,5.37
TMO,2024-10-23T06:00:00,5.25,5.28
TMO,2025-01-30T06:00:00,5.94,6.1
TMO,2025-04-23T06:00:00,5.1,5.15
TMO,2025-07-23T06:00:00,5.23,5.36
TMO,2025-10-22T06:00:00,5.5,5.79
TMO,2026-01-29T06:00:00,6.45,6.57
TMO,2026-04-23T06:00:00,5.24,5.44
TMO,2026-07-23T06:00:00,5.71,6.03
TMO,2026-10-21T08:00:00,6.41,
TSLA,2014-07-31T16:00:00,,0.01
TSLA,2014-11-05T16:00:00,,
TSLA,2015-02-11T17:00:00,0.02,-0.01
TSLA,2015-05-06T16:00:00,-0.03,-0.02
TSLA,2015-08-05T16:00:00,-0.04,-0.03
TSLA,2015-11-03T16:00:00,-0.04,-0.04
TSLA,2016-02-10T16:00:00,0.01,-0.06
TSLA,2016-05-04T16:00:00,-0.04,-0.04
TSLA,2016-08-03T16:00:00,-0.04,-0.07
TSLA,2016-10-26T16:00:00,,0.05
TSLA,2017-02-22T16:00:00,-0.03,-0.05
TSLA,2017-05-03T16:00:00,-0.05,-0.09
TSLA,2017-08-02T16:00:00,-0.13,-0.09
TSLA,2017-11-01T16:00:00,-0.15,-0.19
TSLA,2018-02-07T16:00:00,-0.21,-0.2
TSLA,2018-05-02T16:00:00,-0.24,-0.22
TSLA,2018-08-01T16:00:00,-0.19,-0.2
TSLA,2018-10-24T16:00:00,,0.19
TSLA,2019-01-30T16:00:00,0.14,0.13
TSLA,2019-04-24T17:00:00,-0.06,-0.19
TSLA,2019-07-24T16:00:00,-0.03,-0.07
TSLA,2019-10-23T16:00:00,-0.02,0.12
TSLA,2020-01-29T16:00:00,0.12,0.14
TSLA,2020-04-29T12:00:00,-0.01,0.08
TSLA,2020-07-22T16:00:00,-0.01,0.15
TSLA,2020-10-21T18:00:00,0.2,0.25
TSLA,2021-01-27T16:00:00,0.35,0.27
TSLA,2021-04-26T16:00:00,0.26,0.31
TSLA,2021-07-26T16:00:00,0.32,0.48
TSLA,2021-10-20T15:00:00,0.54,0.62
TSLA,2022-01-26T16:00:00,0.79,0.85
TSLA,2022-04-20T16:00:00,0.75,1.07
TSLA,2022-07-20T17:00:00,0.6,0.76
TSLA,2022-10-19T17:00:00,1.0,1.05
TSLA,2023-01-25T16:00:00,1.11,1.19
TSLA,2023-04-19T16:00:00,0.85,0.85
TSLA,2023-07-19T16:00:00,0.82,0.91
TSLA,2023-10-18T16:00:00,0.73,0.66
TSLA,2024-01-24T16:00:00,0.74,0.71
TSLA,2024-04-23T16:00:00,0.49,0.45
TSLA,2024-07-23T20:00:00,0.62,0.52
TSLA,2024-10-23T16:00:00,0.6,0.72
TSLA,2025-01-29T16:00:00,0.77,0.73
TSLA,2025-04-22T16:00:00,0.41,0.27
TSLA,2025-07-23T16:00:00,0.4,0.4
TSLA,2025-10-22T16:00:00,0.56,0.5
TSLA,2026-01-28T16:00:00,0.45,0.5
TSLA,2026-04-22T16:00:00,0.35,0.41
TSLA,2026-07-22T16:00:00,0.54,0.33
TSLA,2026-10-21T16:00:00,0.44,
UNH,2014-07-17T06:00:00,1.25,1.42
UNH,2014-10-16T06:00:00,1.52,1.63
UNH,2015-01-21T06:00:00,1.5,1.55
UNH,2015-04-16T06:00:00,1.34,1.46
UNH,2015-07-16T06:00:00,1.58,1.64
UNH,2015-10-15T05:00:00,1.64,1.65
UNH,2016-01-19T05:00:00,1.37,1.4
UNH,2016-04-19T05:00:00,1.72,1.81
UNH,2016-07-19T05:00:00,1.89,1.96
UNH,2016-10-18T05:00:00,2.08,2.17
UNH,2017-01-17T05:00:00,2.07,2.11
UNH,2017-04-18T05:00:00,2.17,2.37
UNH,2017-07-18T05:00:00,2.38,2.46
UNH,2017-10-17T05:00:00,2.57,2.66
UNH,2018-01-16T05:00:00,2.52,2.59
UNH,2018-04-17T05:00:00,2.91,3.04
UNH,2018-07-17T05:00:00,3.04,3.14
UNH,2018-10-16T05:00:00,3.3,3.41
UNH,2019-01-15T05:00:00,3.22,3.28
UNH,2019-04-16T05:00:00,3.6,3.73
UNH,2019-07-18T05:00:00,3.46,3.6
UNH,2019-10-15T05:00:00,3.76,3.88
UNH,2020-01-15T05:00:00,3.78,3.9
UNH,2020-04-15T06:00:00,3.65,3.72
UNH,2020-07-15T05:00:00,5.24,7.12
UNH,2020-10-14T05:00:00,3.08,3.51
UNH,2021-01-20T05:00:00,2.41,2.52
UNH,2021-04-15T05:00:00,4.38,5.31
UNH,2021-07-15T05:00:00,4.46,4.7
UNH,2021-10-14T05:00:00,4.42,4.52
UNH,2022-01-19T05:00:00,4.31,4.48
UNH,2022-04-14T05:00:00,5.35,5.49
UNH,2022-07-15T05:00:00,5.21,5.57
UNH,2022-10-14T05:00:00,5.44,5.79
UNH,2023-01-13T05:00:00,5.17,5.34
UNH,2023-04-14T05:00:00,6.08,6.26
UNH,2023-07-14T05:00:00,5.98,6.14
UNH,2023-10-13T05:00:00,6.35,6.56
UNH,2024-01-12T05:00:00,5.99,6.16
UNH,2024-04-16T05:00:00,6.62,6.91
UNH,2024-07-16T06:00:00,6.63,6.8
UNH,2024-10-15T06:00:00,7.03,7.15
UNH,2025-01-16T06:00:00,6.74,6.81
UNH,2025-04-17T05:00:00,7.29,7.2
UNH,2025-07-29T05:00:00,4.45,4.08
UNH,2025-10-28T05:00:00,2.81,2.92
UNH,2026-01-27T05:00:00,2.11,2.11
UNH,2026-04-21T06:00:00,6.6,7.23
UNH,2026-07-16T06:00:00,4.92,6.38
UNH,2026-10-13T08:00:00,4.15,
V,2014-07-24T16:00:00,0.52,0.54
V,2014-10-29T16:00:00,0.53,0.55
V,2015-01-29T16:00:00,0.62,0.63
V,2015-04-30T16:00:00,0.62,0.63
V,2015-07-23T16:00:00,0.58,0.62
V,2015-11-02T06:00:00,0.63,0.62
V,2016-01-28T16:00:00,0.68,0.69
V,2016-04-21T16:00:00,0.66,0.68
V,2016-07-21T16:00:00,0.67,0.69
V,2016-10-24T16:00:00,0.73,0.78
V,2017-02-02T16:00:00,0.78,0.86
V,2017-04-20T16:00:00,0.79,0.86
V,2017-07-20T16:00:00,0.81,0.86
V,2017-10-25T06:00:00,0.85,0.9
V,2018-02-01T16:00:00,0.98,1.08
V,2018-04-25T16:00:00,1.01,1.11
V,2018-07-25T16:00:00,1.09,1.2
V,2018-10-24T16:00:00,1.2,1.21
V,2019-01-30T16:00:00,1.25,1.3
V,2019-04-24T16:00:00,1.24,1.31
V,2019-07-23T16:00:00,1.32,1.37
V,2019-10-24T16:00:00,1.43,1.47
V,2020-01-30T16:00:00,1.47,1.46
V,2020-04-30T16:00:00,1.35,1.39
V,2020-07-28T16:00:00,1.04,1.06
V,2020-10-28T16:00:00,1.1,1.12
V,2021-01-28T16:00:00,1.28,1.42
V,2021-04-27T16:00:00,1.27,1.38
V,2021-07-27T16:00:00,1.35,1.49
V,2021-10-26T16:00:00,1.54,1.62
V,2022-01-27T16:00:00,1.7,1.81
V,2022-04-26T16:00:00,1.65,1.79
V,2022-07-26T16:00:00,1.75,1.98
V,2022-10-25T16:00:00,1.87,1.93
V,2023-01-26T16:00:00,2.01,2.18
V,2023-04-25T16:00:00,1.99,2.09
V,2023-07-25T16:00:00,2.12,2.16
V,2023-10-24T16:00:00,2.24,2.33
V,2024-01-25T16:00:00,2.34,2.41
V,2024-04-23T16:00:00,2.43,2.51
V,2024-07-23T16:00:00,2.42,2.42
V,2024-10-29T16:00:00,2.58,2.71
V,2025-01-30T16:00:00,2.66,2.75
V,2025-04-29T16:00:00,2.68,2.76
V,2025-07-29T16:00:00,2.85,2.98
V,2025-10-28T16:00:00,2.97,2.98
V,2026-01-29T16:00:00,3.14,3.17
V,2026-04-28T16:00:00,3.1,3.31
V,2026-07-28T16:00:00,3.23,3.32
V,2026-10-27T16:00:00,3.43,
WMT,2014-08-14T07:00:00,0.4,0.4
WMT,2014-11-13T07:00:00,0.37,0.38
WMT,2015-02-19T08:00:00,0.51,0.54
WMT,2015-05-19T07:00:00,0.35,0.34
WMT,2015-08-18T07:00:00,0.37,0.36
WMT,2015-11-17T07:00:00,0.33,0.33
WMT,2016-02-18T07:00:00,0.49,0.5
WMT,2016-05-19T07:00:00,0.29,0.33
WMT,2016-08-18T07:00:00,0.34,0.36
WMT,2016-11-17T07:00:00,0.32,0.33
WMT,2017-02-21T07:00:00,0.43,0.43
WMT,2017-05-18T07:00:00,0.32,0.33
WMT,2017-08-17T06:00:00,0.36,0.36
WMT,2017-11-16T07:00:00,0.32,0.33
WMT,2018-02-20T06:00:00,0.46,0.44
WMT,2018-05-17T07:00:00,0.37,0.38
WMT,2018-08-16T07:00:00,0.41,0.43
WMT,2018-11-15T07:00:00,0.34,0.36
WMT,2019-02-19T07:00:00,0.44,0.47
WMT,2019-05-16T07:00:00,0.34,0.38
WMT,2019-08-15T07:00:00,0.41,0.42
WMT,2019-11-14T07:00:00,0.36,0.39
WMT,2020-02-18T06:00:00,0.48,0.46
WMT,2020-05-19T07:00:00,0.36,0.39
WMT,2020-08-18T06:00:00,0.42,0.52
WMT,2020-11-17T07:00:00,0.4,0.45
WMT,2021-02-18T06:00:00,0.5,0.46
WMT,2021-05-18T06:00:00,0.4,0.56
WMT,2021-08-17T07:00:00,0.52,0.59
WMT,2021-11-16T07:00:00,0.46,0.48
WMT,2022-02-17T07:00:00,0.5,0.51
WMT,2022-05-17T06:00:00,0.49,0.43
WMT,2022-08-16T07:00:00,0.54,0.59
WMT,2022-11-15T07:00:00,0.44,0.5
WMT,2023-02-21T07:00:00,0.5,0.57
WMT,2023-05-18T07:00:00,0.44,0.49
WMT,2023-08-17T06:00:00,0.57,0.61
WMT,2023-11-16T06:00:00,0.51,0.51
WMT,2024-02-20T06:00:00,0.55,0.6
WMT,2024-05-16T06:00:00,0.52,0.6
WMT,2024-08-15T06:00:00,0.65,0.67
WMT,2024-11-19T06:00:00,0.53,0.58
WMT,2025-02-20T06:00:00,0.65,0.66
WMT,2025-05-15T06:00:00,0.58,0.61
WMT,2025-08-21T06:00:00,0.74,0.68
WMT,2025-11-20T06:00:00,0.6,0.62
WMT,2026-02-19T06:00:00,0.73,0.74
WMT,2026-05-21T06:00:00,0.66,0.66
WMT,2026-08-20T06:00:00,0.74,0.81
WMT,2026-11-19T07:00:00,0.64,
XOM,2014-07-31T08:00:00,1.86,2.05
XOM,2014-10-31T08:00:00,1.72,1.89
XOM,2015-02-02T08:00:00,1.34,1.32
XOM,2015-04-30T08:00:00,0.83,1.17
XOM,2015-07-31T08:00:00,1.11,1.06
XOM,2015-10-30T08:00:00,0.9,1.01
XOM,2016-02-02T08:00:00,0.64,0.67
XOM,2016-04-29T08:00:00,0.31,0.43
XOM,2016-07-29T08:00:00,0.64,0.41
XOM,2016-10-28T08:00:00,0.6,0.63
XOM,2017-01-31T08:00:00,0.7,0.89
XOM,2017-04-28T08:00:00,0.87,0.95
XOM,2017-07-28T08:00:00,0.85,0.78
XOM,2017-10-27T08:00:00,0.87,0.93
XOM,2018-02-02T08:00:00,1.03,0.88
XOM,2018-04-27T08:00:00,1.1,1.09
XOM,2018-07-27T08:00:00,1.27,0.92
XOM,2018-11-02T08:00:00,1.22,1.46
XOM,2019-02-01T08:00:00,1.09,1.5
XOM,2019-04-26T08:00:00,0.73,0.55
XOM,2019-08-02T07:00:00,0.71,0.61
XOM,2019-11-01T07:00:00,0.66,0.68
XOM,2020-01-31T07:00:00,0.45,0.41
XOM,2020-05-01T08:00:00,0.05,0.53
XOM,2020-07-31T07:00:00,-0.6,-0.7
XOM,2020-10-30T07:00:00,-0.25,-0.18
XOM,2021-02-02T07:00:00,0.02,0.03
XOM,2021-04-30T07:00:00,0.6,0.65
XOM,2021-07-30T07:00:00,0.99,1.1
XOM,2021-10-29T07:00:00,1.52,1.58
XOM,2022-02-01T07:00:00,1.93,2.05
XOM,2022-04-29T06:00:00,2.22,2.07
XOM,2022-07-29T06:00:00,3.89,4.14
XOM,2022-10-28T06:00:00,3.82,4.45
XOM,2023-01-31T06:00:00,3.28,3.4
XOM,2023-04-28T06:00:00,2.59,2.83
XOM,2023-07-28T06:00:00,2.02,1.94
XOM,2023-10-27T03:00:00,2.36,2.27
XOM,2024-02-02T06:00:00,2.19,2.48
XOM,2024-04-26T04:00:00,2.16,2.06
XOM,2024-08-02T06:00:00,2.01,2.14
XOM,2024-11-01T06:00:00,1.87,1.92
XOM,2025-01-31T06:00:00,1.55,1.67
XOM,2025-05-02T06:00:00,1.74,1.76
XOM,2025-08-01T06:00:00,1.56,1.64
XOM,2025-10-31T06:00:00,1.82,1.88
XOM,2026-01-30T06:00:00,1.69,1.71
XOM,2026-05-01T06:00:00,1.01,1.16
XOM,2026-07-31T06:00:00,3.63,4.11
XOM,2026-10-30T08:00:00,3.74,
